tornado_id,window,read_status,positive_pixels,negative_pixels,sampled_positive,sampled_negative,error
TOR5,"Window(col_off=0, row_off=0, width=256, height=256)",OK,13915,51009,1200,1200,
TOR5,"Window(col_off=256, row_off=0, width=256, height=256)",OK,16075,49439,1200,1200,
TOR5,"Window(col_off=512, row_off=0, width=127, height=256)",OK,954,31242,954,1200,
TOR5,"Window(col_off=0, row_off=256, width=256, height=146)",OK,3240,33568,1200,1200,
TOR5,"Window(col_off=256, row_off=256, width=256, height=146)",OK,0,37375,0,1200,
TOR5,"Window(col_off=512, row_off=256, width=127, height=146)",READ_ERROR,0,0,0,0,Read failed. See previous exception for details.
TOR7,"Window(col_off=0, row_off=0, width=256, height=256)",OK,0,35104,0,1200,
TOR7,"Window(col_off=256, row_off=0, width=256, height=256)",OK,0,65510,0,1200,
TOR7,"Window(col_off=512, row_off=0, width=256, height=256)",OK,0,65535,0,1200,
TOR7,"Window(col_off=768, row_off=0, width=256, height=256)",READ_ERROR,0,0,0,0,Read failed. See previous exception for details.
TOR7,"Window(col_off=1024, row_off=0, width=256, height=256)",READ_ERROR,0,0,0,0,Read failed. See previous exception for details.
TOR7,"Window(col_off=1280, row_off=0, width=256, height=256)",READ_ERROR,0,0,0,0,Read failed. See previous exception for details.
TOR7,"Window(col_off=1536, row_off=0, width=256, height=256)",READ_ERROR,0,0,0,0,Read failed. See previous exception for details.
TOR7,"Window(col_off=1792, row_off=0, width=256, height=256)",READ_ERROR,0,0,0,0,Read failed. See previous exception for details.
TOR7,"Window(col_off=2048, row_off=0, width=256, height=256)",READ_ERROR,0,0,0,0,Read failed. See previous exception for details.
TOR7,"Window(col_off=2304, row_off=0, width=179, height=256)",READ_ERROR,0,0,0,0,Read failed. See previous exception for details.
TOR7,"Window(col_off=0, row_off=256, width=256, height=256)",READ_ERROR,0,0,0,0,Read failed. See previous exception for details.
TOR7,"Window(col_off=256, row_off=256, width=256, height=256)",READ_ERROR,0,0,0,0,Read failed. See previous exception for details.
TOR7,"Window(col_off=512, row_off=256, width=256, height=256)",READ_ERROR,0,0,0,0,Read failed. See previous exception for details.
TOR7,"Window(col_off=768, row_off=256, width=256, height=256)",READ_ERROR,0,0,0,0,Read failed. See previous exception for details.
TOR7,"Window(col_off=1024, row_off=256, width=256, height=256)",READ_ERROR,0,0,0,0,Read failed. See previous exception for details.
TOR7,"Window(col_off=1280, row_off=256, width=256, height=256)",READ_ERROR,0,0,0,0,Read failed. See previous exception for details.
TOR7,"Window(col_off=1536, row_off=256, width=256, height=256)",READ_ERROR,0,0,0,0,Read failed. See previous exception for details.
TOR7,"Window(col_off=1792, row_off=256, width=256, height=256)",READ_ERROR,0,0,0,0,Read failed. See previous exception for details.
TOR7,"Window(col_off=2048, row_off=256, width=256, height=256)",READ_ERROR,0,0,0,0,Read failed. See previous exception for details.
TOR7,"Window(col_off=2304, row_off=256, width=179, height=256)",READ_ERROR,0,0,0,0,Read failed. See previous exception for details.
TOR7,"Window(col_off=0, row_off=512, width=256, height=256)",READ_ERROR,0,0,0,0,Read failed. See previous exception for details.
TOR7,"Window(col_off=256, row_off=512, width=256, height=256)",READ_ERROR,0,0,0,0,Read failed. See previous exception for details.
TOR7,"Window(col_off=512, row_off=512, width=256, height=256)",READ_ERROR,0,0,0,0,Read failed. See previous exception for details.
TOR7,"Window(col_off=768, row_off=512, width=256, height=256)",READ_ERROR,0,0,0,0,Read failed. See previous exception for details.
TOR7,"Window(col_off=1024, row_off=512, width=256, height=256)",READ_ERROR,0,0,0,0,Read failed. See previous exception for details.
TOR7,"Window(col_off=1280, row_off=512, width=256, height=256)",READ_ERROR,0,0,0,0,Read failed. See previous exception for details.
TOR7,"Window(col_off=1536, row_off=512, width=256, height=256)",READ_ERROR,0,0,0,0,Read failed. See previous exception for details.
TOR7,"Window(col_off=1792, row_off=512, width=256, height=256)",READ_ERROR,0,0,0,0,Read failed. See previous exception for details.
TOR7,"Window(col_off=2048, row_off=512, width=256, height=256)",READ_ERROR,0,0,0,0,Read failed. See previous exception for details.
TOR7,"Window(col_off=2304, row_off=512, width=179, height=256)",READ_ERROR,0,0,0,0,Read failed. See previous exception for details.
TOR7,"Window(col_off=0, row_off=768, width=256, height=256)",READ_ERROR,0,0,0,0,Read failed. See previous exception for details.
TOR7,"Window(col_off=256, row_off=768, width=256, height=256)",READ_ERROR,0,0,0,0,Read failed. See previous exception for details.
TOR7,"Window(col_off=512, row_off=768, width=256, height=256)",READ_ERROR,0,0,0,0,Read failed. See previous exception for details.
TOR7,"Window(col_off=768, row_off=768, width=256, height=256)",READ_ERROR,0,0,0,0,Read failed. See previous exception for details.
TOR7,"Window(col_off=1024, row_off=768, width=256, height=256)",READ_ERROR,0,0,0,0,Read failed. See previous exception for details.
TOR7,"Window(col_off=1280, row_off=768, width=256, height=256)",READ_ERROR,0,0,0,0,Read failed. See previous exception for details.
TOR7,"Window(col_off=1536, row_off=768, width=256, height=256)",READ_ERROR,0,0,0,0,Read failed. See previous exception for details.
TOR7,"Window(col_off=1792, row_off=768, width=256, height=256)",READ_ERROR,0,0,0,0,Read failed. See previous exception for details.
TOR7,"Window(col_off=2048, row_off=768, width=256, height=256)",READ_ERROR,0,0,0,0,Read failed. See previous exception for details.
TOR7,"Window(col_off=2304, row_off=768, width=179, height=256)",READ_ERROR,0,0,0,0,Read failed. See previous exception for details.
TOR7,"Window(col_off=0, row_off=1024, width=256, height=256)",READ_ERROR,0,0,0,0,Read failed. See previous exception for details.
TOR7,"Window(col_off=256, row_off=1024, width=256, height=256)",READ_ERROR,0,0,0,0,Read failed. See previous exception for details.
TOR7,"Window(col_off=512, row_off=1024, width=256, height=256)",READ_ERROR,0,0,0,0,Read failed. See previous exception for details.
TOR7,"Window(col_off=768, row_off=1024, width=256, height=256)",READ_ERROR,0,0,0,0,Read failed. See previous exception for details.
TOR7,"Window(col_off=1024, row_off=1024, width=256, height=256)",READ_ERROR,0,0,0,0,Read failed. See previous exception for details.
TOR7,"Window(col_off=1280, row_off=1024, width=256, height=256)",READ_ERROR,0,0,0,0,Read failed. See previous exception for details.
TOR7,"Window(col_off=1536, row_off=1024, width=256, height=256)",READ_ERROR,0,0,0,0,Read failed. See previous exception for details.
TOR7,"Window(col_off=1792, row_off=1024, width=256, height=256)",READ_ERROR,0,0,0,0,Read failed. See previous exception for details.
TOR7,"Window(col_off=2048, row_off=1024, width=256, height=256)",READ_ERROR,0,0,0,0,Read failed. See previous exception for details.
TOR7,"Window(col_off=2304, row_off=1024, width=179, height=256)",READ_ERROR,0,0,0,0,Read failed. See previous exception for details.
TOR7,"Window(col_off=0, row_off=1280, width=256, height=256)",READ_ERROR,0,0,0,0,Read failed. See previous exception for details.
TOR7,"Window(col_off=256, row_off=1280, width=256, height=256)",READ_ERROR,0,0,0,0,Read failed. See previous exception for details.
TOR7,"Window(col_off=512, row_off=1280, width=256, height=256)",READ_ERROR,0,0,0,0,Read failed. See previous exception for details.
TOR7,"Window(col_off=768, row_off=1280, width=256, height=256)",READ_ERROR,0,0,0,0,Read failed. See previous exception for details.
TOR7,"Window(col_off=1024, row_off=1280, width=256, height=256)",READ_ERROR,0,0,0,0,Read failed. See previous exception for details.
TOR7,"Window(col_off=1280, row_off=1280, width=256, height=256)",READ_ERROR,0,0,0,0,Read failed. See previous exception for details.
TOR7,"Window(col_off=1536, row_off=1280, width=256, height=256)",READ_ERROR,0,0,0,0,Read failed. See previous exception for details.
TOR7,"Window(col_off=1792, row_off=1280, width=256, height=256)",READ_ERROR,0,0,0,0,Read failed. See previous exception for details.
TOR7,"Window(col_off=2048, row_off=1280, width=256, height=256)",READ_ERROR,0,0,0,0,Read failed. See previous exception for details.
TOR7,"Window(col_off=2304, row_off=1280, width=179, height=256)",READ_ERROR,0,0,0,0,Read failed. See previous exception for details.
TOR7,"Window(col_off=0, row_off=1536, width=256, height=82)",READ_ERROR,0,0,0,0,Read failed. See previous exception for details.
TOR7,"Window(col_off=256, row_off=1536, width=256, height=82)",READ_ERROR,0,0,0,0,Read failed. See previous exception for details.
TOR7,"Window(col_off=512, row_off=1536, width=256, height=82)",READ_ERROR,0,0,0,0,Read failed. See previous exception for details.
TOR7,"Window(col_off=768, row_off=1536, width=256, height=82)",READ_ERROR,0,0,0,0,Read failed. See previous exception for details.
TOR7,"Window(col_off=1024, row_off=1536, width=256, height=82)",READ_ERROR,0,0,0,0,Read failed. See previous exception for details.
TOR7,"Window(col_off=1280, row_off=1536, width=256, height=82)",READ_ERROR,0,0,0,0,Read failed. See previous exception for details.
TOR7,"Window(col_off=1536, row_off=1536, width=256, height=82)",READ_ERROR,0,0,0,0,Read failed. See previous exception for details.
TOR7,"Window(col_off=1792, row_off=1536, width=256, height=82)",READ_ERROR,0,0,0,0,Read failed. See previous exception for details.
TOR7,"Window(col_off=2048, row_off=1536, width=256, height=82)",READ_ERROR,0,0,0,0,Read failed. See previous exception for details.
TOR7,"Window(col_off=2304, row_off=1536, width=179, height=82)",READ_ERROR,0,0,0,0,Read failed. See previous exception for details.
TOR10,"Window(col_off=0, row_off=0, width=256, height=256)",OK,0,65217,0,1200,
TOR10,"Window(col_off=256, row_off=0, width=256, height=256)",OK,0,65535,0,1200,
TOR10,"Window(col_off=512, row_off=0, width=256, height=256)",OK,0,65536,0,1200,
TOR10,"Window(col_off=768, row_off=0, width=256, height=256)",READ_ERROR,0,0,0,0,Read failed. See previous exception for details.
TOR10,"Window(col_off=1024, row_off=0, width=256, height=256)",READ_ERROR,0,0,0,0,Read failed. See previous exception for details.
TOR10,"Window(col_off=1280, row_off=0, width=256, height=256)",READ_ERROR,0,0,0,0,Read failed. See previous exception for details.
TOR10,"Window(col_off=1536, row_off=0, width=256, height=256)",READ_ERROR,0,0,0,0,Read failed. See previous exception for details.
TOR10,"Window(col_off=1792, row_off=0, width=256, height=256)",READ_ERROR,0,0,0,0,Read failed. See previous exception for details.
TOR10,"Window(col_off=2048, row_off=0, width=256, height=256)",READ_ERROR,0,0,0,0,Read failed. See previous exception for details.
TOR10,"Window(col_off=2304, row_off=0, width=256, height=256)",READ_ERROR,0,0,0,0,Read failed. See previous exception for details.
TOR10,"Window(col_off=2560, row_off=0, width=175, height=256)",READ_ERROR,0,0,0,0,Read failed. See previous exception for details.
TOR10,"Window(col_off=0, row_off=256, width=256, height=256)",READ_ERROR,0,0,0,0,Read failed. See previous exception for details.
TOR10,"Window(col_off=256, row_off=256, width=256, height=256)",READ_ERROR,0,0,0,0,Read failed. See previous exception for details.
TOR10,"Window(col_off=512, row_off=256, width=256, height=256)",READ_ERROR,0,0,0,0,Read failed. See previous exception for details.
TOR10,"Window(col_off=768, row_off=256, width=256, height=256)",READ_ERROR,0,0,0,0,Read failed. See previous exception for details.
TOR10,"Window(col_off=1024, row_off=256, width=256, height=256)",READ_ERROR,0,0,0,0,Read failed. See previous exception for details.
TOR10,"Window(col_off=1280, row_off=256, width=256, height=256)",READ_ERROR,0,0,0,0,Read failed. See previous exception for details.
TOR10,"Window(col_off=1536, row_off=256, width=256, height=256)",READ_ERROR,0,0,0,0,Read failed. See previous exception for details.
TOR10,"Window(col_off=1792, row_off=256, width=256, height=256)",READ_ERROR,0,0,0,0,Read failed. See previous exception for details.
TOR10,"Window(col_off=2048, row_off=256, width=256, height=256)",READ_ERROR,0,0,0,0,Read failed. See previous exception for details.
TOR10,"Window(col_off=2304, row_off=256, width=256, height=256)",READ_ERROR,0,0,0,0,Read failed. See previous exception for details.
TOR10,"Window(col_off=2560, row_off=256, width=175, height=256)",READ_ERROR,0,0,0,0,Read failed. See previous exception for details.
TOR10,"Window(col_off=0, row_off=512, width=256, height=256)",READ_ERROR,0,0,0,0,Read failed. See previous exception for details.
TOR10,"Window(col_off=256, row_off=512, width=256, height=256)",READ_ERROR,0,0,0,0,Read failed. See previous exception for details.
TOR10,"Window(col_off=512, row_off=512, width=256, height=256)",READ_ERROR,0,0,0,0,Read failed. See previous exception for details.
TOR10,"Window(col_off=768, row_off=512, width=256, height=256)",READ_ERROR,0,0,0,0,Read failed. See previous exception for details.
TOR10,"Window(col_off=1024, row_off=512, width=256, height=256)",READ_ERROR,0,0,0,0,Read failed. See previous exception for details.
TOR10,"Window(col_off=1280, row_off=512, width=256, height=256)",READ_ERROR,0,0,0,0,Read failed. See previous exception for details.
TOR10,"Window(col_off=1536, row_off=512, width=256, height=256)",READ_ERROR,0,0,0,0,Read failed. See previous exception for details.
TOR10,"Window(col_off=1792, row_off=512, width=256, height=256)",READ_ERROR,0,0,0,0,Read failed. See previous exception for details.
TOR10,"Window(col_off=2048, row_off=512, width=256, height=256)",READ_ERROR,0,0,0,0,Read failed. See previous exception for details.
TOR10,"Window(col_off=2304, row_off=512, width=256, height=256)",READ_ERROR,0,0,0,0,Read failed. See previous exception for details.
TOR10,"Window(col_off=2560, row_off=512, width=175, height=256)",READ_ERROR,0,0,0,0,Read failed. See previous exception for details.
TOR10,"Window(col_off=0, row_off=768, width=256, height=256)",READ_ERROR,0,0,0,0,Read failed. See previous exception for details.
TOR10,"Window(col_off=256, row_off=768, width=256, height=256)",READ_ERROR,0,0,0,0,Read failed. See previous exception for details.
TOR10,"Window(col_off=512, row_off=768, width=256, height=256)",READ_ERROR,0,0,0,0,Read failed. See previous exception for details.
TOR10,"Window(col_off=768, row_off=768, width=256, height=256)",READ_ERROR,0,0,0,0,Read failed. See previous exception for details.
TOR10,"Window(col_off=1024, row_off=768, width=256, height=256)",READ_ERROR,0,0,0,0,Read failed. See previous exception for details.
TOR10,"Window(col_off=1280, row_off=768, width=256, height=256)",READ_ERROR,0,0,0,0,Read failed. See previous exception for details.
TOR10,"Window(col_off=1536, row_off=768, width=256, height=256)",READ_ERROR,0,0,0,0,Read failed. See previous exception for details.
TOR10,"Window(col_off=1792, row_off=768, width=256, height=256)",READ_ERROR,0,0,0,0,Read failed. See previous exception for details.
TOR10,"Window(col_off=2048, row_off=768, width=256, height=256)",READ_ERROR,0,0,0,0,Read failed. See previous exception for details.
TOR10,"Window(col_off=2304, row_off=768, width=256, height=256)",READ_ERROR,0,0,0,0,Read failed. See previous exception for details.
TOR10,"Window(col_off=2560, row_off=768, width=175, height=256)",READ_ERROR,0,0,0,0,Read failed. See previous exception for details.
TOR10,"Window(col_off=0, row_off=1024, width=256, height=256)",READ_ERROR,0,0,0,0,Read failed. See previous exception for details.
TOR10,"Window(col_off=256, row_off=1024, width=256, height=256)",READ_ERROR,0,0,0,0,Read failed. See previous exception for details.
TOR10,"Window(col_off=512, row_off=1024, width=256, height=256)",READ_ERROR,0,0,0,0,Read failed. See previous exception for details.
TOR10,"Window(col_off=768, row_off=1024, width=256, height=256)",READ_ERROR,0,0,0,0,Read failed. See previous exception for details.
TOR10,"Window(col_off=1024, row_off=1024, width=256, height=256)",READ_ERROR,0,0,0,0,Read failed. See previous exception for details.
TOR10,"Window(col_off=1280, row_off=1024, width=256, height=256)",READ_ERROR,0,0,0,0,Read failed. See previous exception for details.
TOR10,"Window(col_off=1536, row_off=1024, width=256, height=256)",READ_ERROR,0,0,0,0,Read failed. See previous exception for details.
TOR10,"Window(col_off=1792, row_off=1024, width=256, height=256)",READ_ERROR,0,0,0,0,Read failed. See previous exception for details.
TOR10,"Window(col_off=2048, row_off=1024, width=256, height=256)",READ_ERROR,0,0,0,0,Read failed. See previous exception for details.
TOR10,"Window(col_off=2304, row_off=1024, width=256, height=256)",READ_ERROR,0,0,0,0,Read failed. See previous exception for details.
TOR10,"Window(col_off=2560, row_off=1024, width=175, height=256)",READ_ERROR,0,0,0,0,Read failed. See previous exception for details.
TOR10,"Window(col_off=0, row_off=1280, width=256, height=21)",READ_ERROR,0,0,0,0,Read failed. See previous exception for details.
TOR10,"Window(col_off=256, row_off=1280, width=256, height=21)",READ_ERROR,0,0,0,0,Read failed. See previous exception for details.
TOR10,"Window(col_off=512, row_off=1280, width=256, height=21)",READ_ERROR,0,0,0,0,Read failed. See previous exception for details.
TOR10,"Window(col_off=768, row_off=1280, width=256, height=21)",READ_ERROR,0,0,0,0,Read failed. See previous exception for details.
TOR10,"Window(col_off=1024, row_off=1280, width=256, height=21)",READ_ERROR,0,0,0,0,Read failed. See previous exception for details.
TOR10,"Window(col_off=1280, row_off=1280, width=256, height=21)",READ_ERROR,0,0,0,0,Read failed. See previous exception for details.
TOR10,"Window(col_off=1536, row_off=1280, width=256, height=21)",READ_ERROR,0,0,0,0,Read failed. See previous exception for details.
TOR10,"Window(col_off=1792, row_off=1280, width=256, height=21)",READ_ERROR,0,0,0,0,Read failed. See previous exception for details.
TOR10,"Window(col_off=2048, row_off=1280, width=256, height=21)",READ_ERROR,0,0,0,0,Read failed. See previous exception for details.
TOR10,"Window(col_off=2304, row_off=1280, width=256, height=21)",READ_ERROR,0,0,0,0,Read failed. See previous exception for details.
TOR10,"Window(col_off=2560, row_off=1280, width=175, height=21)",READ_ERROR,0,0,0,0,Read failed. See previous exception for details.
TOR11,"Window(col_off=0, row_off=0, width=256, height=256)",OK,0,65228,0,1200,
TOR11,"Window(col_off=256, row_off=0, width=256, height=256)",OK,0,65536,0,1200,
TOR11,"Window(col_off=512, row_off=0, width=256, height=256)",OK,0,65536,0,1200,
TOR11,"Window(col_off=768, row_off=0, width=256, height=256)",READ_ERROR,0,0,0,0,Read failed. See previous exception for details.
TOR11,"Window(col_off=1024, row_off=0, width=256, height=256)",READ_ERROR,0,0,0,0,Read failed. See previous exception for details.
TOR11,"Window(col_off=1280, row_off=0, width=256, height=256)",READ_ERROR,0,0,0,0,Read failed. See previous exception for details.
TOR11,"Window(col_off=1536, row_off=0, width=256, height=256)",READ_ERROR,0,0,0,0,Read failed. See previous exception for details.
TOR11,"Window(col_off=1792, row_off=0, width=256, height=256)",READ_ERROR,0,0,0,0,Read failed. See previous exception for details.
TOR11,"Window(col_off=2048, row_off=0, width=256, height=256)",READ_ERROR,0,0,0,0,Read failed. See previous exception for details.
TOR11,"Window(col_off=2304, row_off=0, width=256, height=256)",READ_ERROR,0,0,0,0,Read failed. See previous exception for details.
TOR11,"Window(col_off=2560, row_off=0, width=256, height=256)",READ_ERROR,0,0,0,0,Read failed. See previous exception for details.
TOR11,"Window(col_off=2816, row_off=0, width=256, height=256)",READ_ERROR,0,0,0,0,Read failed. See previous exception for details.
TOR11,"Window(col_off=3072, row_off=0, width=256, height=256)",READ_ERROR,0,0,0,0,Read failed. See previous exception for details.
TOR11,"Window(col_off=3328, row_off=0, width=256, height=256)",READ_ERROR,0,0,0,0,Read failed. See previous exception for details.
TOR11,"Window(col_off=3584, row_off=0, width=256, height=256)",READ_ERROR,0,0,0,0,Read failed. See previous exception for details.
TOR11,"Window(col_off=3840, row_off=0, width=256, height=256)",READ_ERROR,0,0,0,0,Read failed. See previous exception for details.
TOR11,"Window(col_off=4096, row_off=0, width=256, height=256)",READ_ERROR,0,0,0,0,Read failed. See previous exception for details.
TOR11,"Window(col_off=4352, row_off=0, width=150, height=256)",READ_ERROR,0,0,0,0,Read failed. See previous exception for details.
TOR11,"Window(col_off=0, row_off=256, width=256, height=256)",READ_ERROR,0,0,0,0,Read failed. See previous exception for details.
TOR11,"Window(col_off=256, row_off=256, width=256, height=256)",READ_ERROR,0,0,0,0,Read failed. See previous exception for details.
TOR11,"Window(col_off=512, row_off=256, width=256, height=256)",READ_ERROR,0,0,0,0,Read failed. See previous exception for details.
TOR11,"Window(col_off=768, row_off=256, width=256, height=256)",READ_ERROR,0,0,0,0,Read failed. See previous exception for details.
TOR11,"Window(col_off=1024, row_off=256, width=256, height=256)",READ_ERROR,0,0,0,0,Read failed. See previous exception for details.
TOR11,"Window(col_off=1280, row_off=256, width=256, height=256)",READ_ERROR,0,0,0,0,Read failed. See previous exception for details.
TOR11,"Window(col_off=1536, row_off=256, width=256, height=256)",READ_ERROR,0,0,0,0,Read failed. See previous exception for details.
TOR11,"Window(col_off=1792, row_off=256, width=256, height=256)",READ_ERROR,0,0,0,0,Read failed. See previous exception for details.
TOR11,"Window(col_off=2048, row_off=256, width=256, height=256)",READ_ERROR,0,0,0,0,Read failed. See previous exception for details.
TOR11,"Window(col_off=2304, row_off=256, width=256, height=256)",READ_ERROR,0,0,0,0,Read failed. See previous exception for details.
TOR11,"Window(col_off=2560, row_off=256, width=256, height=256)",READ_ERROR,0,0,0,0,Read failed. See previous exception for details.
TOR11,"Window(col_off=2816, row_off=256, width=256, height=256)",READ_ERROR,0,0,0,0,Read failed. See previous exception for details.
TOR11,"Window(col_off=3072, row_off=256, width=256, height=256)",READ_ERROR,0,0,0,0,Read failed. See previous exception for details.
TOR11,"Window(col_off=3328, row_off=256, width=256, height=256)",READ_ERROR,0,0,0,0,Read failed. See previous exception for details.
TOR11,"Window(col_off=3584, row_off=256, width=256, height=256)",READ_ERROR,0,0,0,0,Read failed. See previous exception for details.
TOR11,"Window(col_off=3840, row_off=256, width=256, height=256)",READ_ERROR,0,0,0,0,Read failed. See previous exception for details.
TOR11,"Window(col_off=4096, row_off=256, width=256, height=256)",READ_ERROR,0,0,0,0,Read failed. See previous exception for details.
TOR11,"Window(col_off=4352, row_off=256, width=150, height=256)",READ_ERROR,0,0,0,0,Read failed. See previous exception for details.
TOR11,"Window(col_off=0, row_off=512, width=256, height=256)",READ_ERROR,0,0,0,0,Read failed. See previous exception for details.
TOR11,"Window(col_off=256, row_off=512, width=256, height=256)",READ_ERROR,0,0,0,0,Read failed. See previous exception for details.
TOR11,"Window(col_off=512, row_off=512, width=256, height=256)",READ_ERROR,0,0,0,0,Read failed. See previous exception for details.
TOR11,"Window(col_off=768, row_off=512, width=256, height=256)",READ_ERROR,0,0,0,0,Read failed. See previous exception for details.
TOR11,"Window(col_off=1024, row_off=512, width=256, height=256)",READ_ERROR,0,0,0,0,Read failed. See previous exception for details.
TOR11,"Window(col_off=1280, row_off=512, width=256, height=256)",READ_ERROR,0,0,0,0,Read failed. See previous exception for details.
TOR11,"Window(col_off=1536, row_off=512, width=256, height=256)",READ_ERROR,0,0,0,0,Read failed. See previous exception for details.
TOR11,"Window(col_off=1792, row_off=512, width=256, height=256)",READ_ERROR,0,0,0,0,Read failed. See previous exception for details.
TOR11,"Window(col_off=2048, row_off=512, width=256, height=256)",READ_ERROR,0,0,0,0,Read failed. See previous exception for details.
TOR11,"Window(col_off=2304, row_off=512, width=256, height=256)",READ_ERROR,0,0,0,0,Read failed. See previous exception for details.
TOR11,"Window(col_off=2560, row_off=512, width=256, height=256)",READ_ERROR,0,0,0,0,Read failed. See previous exception for details.
TOR11,"Window(col_off=2816, row_off=512, width=256, height=256)",READ_ERROR,0,0,0,0,Read failed. See previous exception for details.
TOR11,"Window(col_off=3072, row_off=512, width=256, height=256)",READ_ERROR,0,0,0,0,Read failed. See previous exception for details.
TOR11,"Window(col_off=3328, row_off=512, width=256, height=256)",READ_ERROR,0,0,0,0,Read failed. See previous exception for details.
TOR11,"Window(col_off=3584, row_off=512, width=256, height=256)",READ_ERROR,0,0,0,0,Read failed. See previous exception for details.
TOR11,"Window(col_off=3840, row_off=512, width=256, height=256)",READ_ERROR,0,0,0,0,Read failed. See previous exception for details.
TOR11,"Window(col_off=4096, row_off=512, width=256, height=256)",READ_ERROR,0,0,0,0,Read failed. See previous exception for details.
TOR11,"Window(col_off=4352, row_off=512, width=150, height=256)",READ_ERROR,0,0,0,0,Read failed. See previous exception for details.
TOR11,"Window(col_off=0, row_off=768, width=256, height=256)",READ_ERROR,0,0,0,0,Read failed. See previous exception for details.
TOR11,"Window(col_off=256, row_off=768, width=256, height=256)",READ_ERROR,0,0,0,0,Read failed. See previous exception for details.
TOR11,"Window(col_off=512, row_off=768, width=256, height=256)",READ_ERROR,0,0,0,0,Read failed. See previous exception for details.
TOR11,"Window(col_off=768, row_off=768, width=256, height=256)",READ_ERROR,0,0,0,0,Read failed. See previous exception for details.
TOR11,"Window(col_off=1024, row_off=768, width=256, height=256)",READ_ERROR,0,0,0,0,Read failed. See previous exception for details.
TOR11,"Window(col_off=1280, row_off=768, width=256, height=256)",READ_ERROR,0,0,0,0,Read failed. See previous exception for details.
TOR11,"Window(col_off=1536, row_off=768, width=256, height=256)",READ_ERROR,0,0,0,0,Read failed. See previous exception for details.
TOR11,"Window(col_off=1792, row_off=768, width=256, height=256)",READ_ERROR,0,0,0,0,Read failed. See previous exception for details.
TOR11,"Window(col_off=2048, row_off=768, width=256, height=256)",READ_ERROR,0,0,0,0,Read failed. See previous exception for details.
TOR11,"Window(col_off=2304, row_off=768, width=256, height=256)",READ_ERROR,0,0,0,0,Read failed. See previous exception for details.
TOR11,"Window(col_off=2560, row_off=768, width=256, height=256)",READ_ERROR,0,0,0,0,Read failed. See previous exception for details.
TOR11,"Window(col_off=2816, row_off=768, width=256, height=256)",READ_ERROR,0,0,0,0,Read failed. See previous exception for details.
TOR11,"Window(col_off=3072, row_off=768, width=256, height=256)",READ_ERROR,0,0,0,0,Read failed. See previous exception for details.
TOR11,"Window(col_off=3328, row_off=768, width=256, height=256)",READ_ERROR,0,0,0,0,Read failed. See previous exception for details.
TOR11,"Window(col_off=3584, row_off=768, width=256, height=256)",READ_ERROR,0,0,0,0,Read failed. See previous exception for details.
TOR11,"Window(col_off=3840, row_off=768, width=256, height=256)",READ_ERROR,0,0,0,0,Read failed. See previous exception for details.
TOR11,"Window(col_off=4096, row_off=768, width=256, height=256)",READ_ERROR,0,0,0,0,Read failed. See previous exception for details.
TOR11,"Window(col_off=4352, row_off=768, width=150, height=256)",READ_ERROR,0,0,0,0,Read failed. See previous exception for details.
TOR11,"Window(col_off=0, row_off=1024, width=256, height=256)",READ_ERROR,0,0,0,0,Read failed. See previous exception for details.
TOR11,"Window(col_off=256, row_off=1024, width=256, height=256)",READ_ERROR,0,0,0,0,Read failed. See previous exception for details.
TOR11,"Window(col_off=512, row_off=1024, width=256, height=256)",READ_ERROR,0,0,0,0,Read failed. See previous exception for details.
TOR11,"Window(col_off=768, row_off=1024, width=256, height=256)",READ_ERROR,0,0,0,0,Read failed. See previous exception for details.
TOR11,"Window(col_off=1024, row_off=1024, width=256, height=256)",READ_ERROR,0,0,0,0,Read failed. See previous exception for details.
TOR11,"Window(col_off=1280, row_off=1024, width=256, height=256)",READ_ERROR,0,0,0,0,Read failed. See previous exception for details.
TOR11,"Window(col_off=1536, row_off=1024, width=256, height=256)",READ_ERROR,0,0,0,0,Read failed. See previous exception for details.
TOR11,"Window(col_off=1792, row_off=1024, width=256, height=256)",READ_ERROR,0,0,0,0,Read failed. See previous exception for details.
TOR11,"Window(col_off=2048, row_off=1024, width=256, height=256)",READ_ERROR,0,0,0,0,Read failed. See previous exception for details.
TOR11,"Window(col_off=2304, row_off=1024, width=256, height=256)",READ_ERROR,0,0,0,0,Read failed. See previous exception for details.
TOR11,"Window(col_off=2560, row_off=1024, width=256, height=256)",READ_ERROR,0,0,0,0,Read failed. See previous exception for details.
TOR11,"Window(col_off=2816, row_off=1024, width=256, height=256)",READ_ERROR,0,0,0,0,Read failed. See previous exception for details.
TOR11,"Window(col_off=3072, row_off=1024, width=256, height=256)",READ_ERROR,0,0,0,0,Read failed. See previous exception for details.
TOR11,"Window(col_off=3328, row_off=1024, width=256, height=256)",READ_ERROR,0,0,0,0,Read failed. See previous exception for details.
TOR11,"Window(col_off=3584, row_off=1024, width=256, height=256)",READ_ERROR,0,0,0,0,Read failed. See previous exception for details.
TOR11,"Window(col_off=3840, row_off=1024, width=256, height=256)",READ_ERROR,0,0,0,0,Read failed. See previous exception for details.
TOR11,"Window(col_off=4096, row_off=1024, width=256, height=256)",READ_ERROR,0,0,0,0,Read failed. See previous exception for details.
TOR11,"Window(col_off=4352, row_off=1024, width=150, height=256)",READ_ERROR,0,0,0,0,Read failed. See previous exception for details.
TOR11,"Window(col_off=0, row_off=1280, width=256, height=256)",READ_ERROR,0,0,0,0,Read failed. See previous exception for details.
TOR11,"Window(col_off=256, row_off=1280, width=256, height=256)",READ_ERROR,0,0,0,0,Read failed. See previous exception for details.
TOR11,"Window(col_off=512, row_off=1280, width=256, height=256)",READ_ERROR,0,0,0,0,Read failed. See previous exception for details.
TOR11,"Window(col_off=768, row_off=1280, width=256, height=256)",READ_ERROR,0,0,0,0,Read failed. See previous exception for details.
TOR11,"Window(col_off=1024, row_off=1280, width=256, height=256)",READ_ERROR,0,0,0,0,Read failed. See previous exception for details.
TOR11,"Window(col_off=1280, row_off=1280, width=256, height=256)",READ_ERROR,0,0,0,0,Read failed. See previous exception for details.
TOR11,"Window(col_off=1536, row_off=1280, width=256, height=256)",READ_ERROR,0,0,0,0,Read failed. See previous exception for details.
TOR11,"Window(col_off=1792, row_off=1280, width=256, height=256)",READ_ERROR,0,0,0,0,Read failed. See previous exception for details.
TOR11,"Window(col_off=2048, row_off=1280, width=256, height=256)",READ_ERROR,0,0,0,0,Read failed. See previous exception for details.
TOR11,"Window(col_off=2304, row_off=1280, width=256, height=256)",READ_ERROR,0,0,0,0,Read failed. See previous exception for details.
TOR11,"Window(col_off=2560, row_off=1280, width=256, height=256)",READ_ERROR,0,0,0,0,Read failed. See previous exception for details.
TOR11,"Window(col_off=2816, row_off=1280, width=256, height=256)",READ_ERROR,0,0,0,0,Read failed. See previous exception for details.
TOR11,"Window(col_off=3072, row_off=1280, width=256, height=256)",READ_ERROR,0,0,0,0,Read failed. See previous exception for details.
TOR11,"Window(col_off=3328, row_off=1280, width=256, height=256)",READ_ERROR,0,0,0,0,Read failed. See previous exception for details.
TOR11,"Window(col_off=3584, row_off=1280, width=256, height=256)",READ_ERROR,0,0,0,0,Read failed. See previous exception for details.
TOR11,"Window(col_off=3840, row_off=1280, width=256, height=256)",READ_ERROR,0,0,0,0,Read failed. See previous exception for details.
TOR11,"Window(col_off=4096, row_off=1280, width=256, height=256)",READ_ERROR,0,0,0,0,Read failed. See previous exception for details.
TOR11,"Window(col_off=4352, row_off=1280, width=150, height=256)",READ_ERROR,0,0,0,0,Read failed. See previous exception for details.
TOR11,"Window(col_off=0, row_off=1536, width=256, height=256)",READ_ERROR,0,0,0,0,Read failed. See previous exception for details.
TOR11,"Window(col_off=256, row_off=1536, width=256, height=256)",READ_ERROR,0,0,0,0,Read failed. See previous exception for details.
TOR11,"Window(col_off=512, row_off=1536, width=256, height=256)",READ_ERROR,0,0,0,0,Read failed. See previous exception for details.
TOR11,"Window(col_off=768, row_off=1536, width=256, height=256)",READ_ERROR,0,0,0,0,Read failed. See previous exception for details.
TOR11,"Window(col_off=1024, row_off=1536, width=256, height=256)",READ_ERROR,0,0,0,0,Read failed. See previous exception for details.
TOR11,"Window(col_off=1280, row_off=1536, width=256, height=256)",READ_ERROR,0,0,0,0,Read failed. See previous exception for details.
TOR11,"Window(col_off=1536, row_off=1536, width=256, height=256)",READ_ERROR,0,0,0,0,Read failed. See previous exception for details.
TOR11,"Window(col_off=1792, row_off=1536, width=256, height=256)",READ_ERROR,0,0,0,0,Read failed. See previous exception for details.
TOR11,"Window(col_off=2048, row_off=1536, width=256, height=256)",READ_ERROR,0,0,0,0,Read failed. See previous exception for details.
TOR11,"Window(col_off=2304, row_off=1536, width=256, height=256)",READ_ERROR,0,0,0,0,Read failed. See previous exception for details.
TOR11,"Window(col_off=2560, row_off=1536, width=256, height=256)",READ_ERROR,0,0,0,0,Read failed. See previous exception for details.
TOR11,"Window(col_off=2816, row_off=1536, width=256, height=256)",READ_ERROR,0,0,0,0,Read failed. See previous exception for details.
TOR11,"Window(col_off=3072, row_off=1536, width=256, height=256)",READ_ERROR,0,0,0,0,Read failed. See previous exception for details.
TOR11,"Window(col_off=3328, row_off=1536, width=256, height=256)",READ_ERROR,0,0,0,0,Read failed. See previous exception for details.
TOR11,"Window(col_off=3584, row_off=1536, width=256, height=256)",READ_ERROR,0,0,0,0,Read failed. See previous exception for details.
TOR11,"Window(col_off=3840, row_off=1536, width=256, height=256)",READ_ERROR,0,0,0,0,Read failed. See previous exception for details.
TOR11,"Window(col_off=4096, row_off=1536, width=256, height=256)",READ_ERROR,0,0,0,0,Read failed. See previous exception for details.
TOR11,"Window(col_off=4352, row_off=1536, width=150, height=256)",READ_ERROR,0,0,0,0,Read failed. See previous exception for details.
TOR11,"Window(col_off=0, row_off=1792, width=256, height=256)",READ_ERROR,0,0,0,0,Read failed. See previous exception for details.
TOR11,"Window(col_off=256, row_off=1792, width=256, height=256)",READ_ERROR,0,0,0,0,Read failed. See previous exception for details.
TOR11,"Window(col_off=512, row_off=1792, width=256, height=256)",READ_ERROR,0,0,0,0,Read failed. See previous exception for details.
TOR11,"Window(col_off=768, row_off=1792, width=256, height=256)",READ_ERROR,0,0,0,0,Read failed. See previous exception for details.
TOR11,"Window(col_off=1024, row_off=1792, width=256, height=256)",READ_ERROR,0,0,0,0,Read failed. See previous exception for details.
TOR11,"Window(col_off=1280, row_off=1792, width=256, height=256)",READ_ERROR,0,0,0,0,Read failed. See previous exception for details.
TOR11,"Window(col_off=1536, row_off=1792, width=256, height=256)",READ_ERROR,0,0,0,0,Read failed. See previous exception for details.
TOR11,"Window(col_off=1792, row_off=1792, width=256, height=256)",READ_ERROR,0,0,0,0,Read failed. See previous exception for details.
TOR11,"Window(col_off=2048, row_off=1792, width=256, height=256)",READ_ERROR,0,0,0,0,Read failed. See previous exception for details.
TOR11,"Window(col_off=2304, row_off=1792, width=256, height=256)",READ_ERROR,0,0,0,0,Read failed. See previous exception for details.
TOR11,"Window(col_off=2560, row_off=1792, width=256, height=256)",READ_ERROR,0,0,0,0,Read failed. See previous exception for details.
TOR11,"Window(col_off=2816, row_off=1792, width=256, height=256)",READ_ERROR,0,0,0,0,Read failed. See previous exception for details.
TOR11,"Window(col_off=3072, row_off=1792, width=256, height=256)",READ_ERROR,0,0,0,0,Read failed. See previous exception for details.
TOR11,"Window(col_off=3328, row_off=1792, width=256, height=256)",READ_ERROR,0,0,0,0,Read failed. See previous exception for details.
TOR11,"Window(col_off=3584, row_off=1792, width=256, height=256)",READ_ERROR,0,0,0,0,Read failed. See previous exception for details.
TOR11,"Window(col_off=3840, row_off=1792, width=256, height=256)",READ_ERROR,0,0,0,0,Read failed. See previous exception for details.
TOR11,"Window(col_off=4096, row_off=1792, width=256, height=256)",READ_ERROR,0,0,0,0,Read failed. See previous exception for details.
TOR11,"Window(col_off=4352, row_off=1792, width=150, height=256)",READ_ERROR,0,0,0,0,Read failed. See previous exception for details.
TOR11,"Window(col_off=0, row_off=2048, width=256, height=251)",READ_ERROR,0,0,0,0,Read failed. See previous exception for details.
TOR11,"Window(col_off=256, row_off=2048, width=256, height=251)",READ_ERROR,0,0,0,0,Read failed. See previous exception for details.
TOR11,"Window(col_off=512, row_off=2048, width=256, height=251)",READ_ERROR,0,0,0,0,Read failed. See previous exception for details.
TOR11,"Window(col_off=768, row_off=2048, width=256, height=251)",READ_ERROR,0,0,0,0,Read failed. See previous exception for details.
TOR11,"Window(col_off=1024, row_off=2048, width=256, height=251)",READ_ERROR,0,0,0,0,Read failed. See previous exception for details.
TOR11,"Window(col_off=1280, row_off=2048, width=256, height=251)",READ_ERROR,0,0,0,0,Read failed. See previous exception for details.
TOR11,"Window(col_off=1536, row_off=2048, width=256, height=251)",READ_ERROR,0,0,0,0,Read failed. See previous exception for details.
TOR11,"Window(col_off=1792, row_off=2048, width=256, height=251)",READ_ERROR,0,0,0,0,Read failed. See previous exception for details.
TOR11,"Window(col_off=2048, row_off=2048, width=256, height=251)",READ_ERROR,0,0,0,0,Read failed. See previous exception for details.
TOR11,"Window(col_off=2304, row_off=2048, width=256, height=251)",READ_ERROR,0,0,0,0,Read failed. See previous exception for details.
TOR11,"Window(col_off=2560, row_off=2048, width=256, height=251)",READ_ERROR,0,0,0,0,Read failed. See previous exception for details.
TOR11,"Window(col_off=2816, row_off=2048, width=256, height=251)",READ_ERROR,0,0,0,0,Read failed. See previous exception for details.
TOR11,"Window(col_off=3072, row_off=2048, width=256, height=251)",READ_ERROR,0,0,0,0,Read failed. See previous exception for details.
TOR11,"Window(col_off=3328, row_off=2048, width=256, height=251)",READ_ERROR,0,0,0,0,Read failed. See previous exception for details.
TOR11,"Window(col_off=3584, row_off=2048, width=256, height=251)",READ_ERROR,0,0,0,0,Read failed. See previous exception for details.
TOR11,"Window(col_off=3840, row_off=2048, width=256, height=251)",READ_ERROR,0,0,0,0,Read failed. See previous exception for details.
TOR11,"Window(col_off=4096, row_off=2048, width=256, height=251)",READ_ERROR,0,0,0,0,Read failed. See previous exception for details.
TOR11,"Window(col_off=4352, row_off=2048, width=150, height=251)",READ_ERROR,0,0,0,0,Read failed. See previous exception for details.
TOR12,"Window(col_off=0, row_off=0, width=256, height=256)",OK,0,65021,0,1200,
TOR12,"Window(col_off=256, row_off=0, width=256, height=256)",OK,0,65536,0,1200,
TOR12,"Window(col_off=512, row_off=0, width=256, height=256)",OK,0,65535,0,1200,
TOR12,"Window(col_off=768, row_off=0, width=256, height=256)",READ_ERROR,0,0,0,0,Read failed. See previous exception for details.
TOR12,"Window(col_off=1024, row_off=0, width=256, height=256)",READ_ERROR,0,0,0,0,Read failed. See previous exception for details.
TOR12,"Window(col_off=1280, row_off=0, width=256, height=256)",READ_ERROR,0,0,0,0,Read failed. See previous exception for details.
TOR12,"Window(col_off=1536, row_off=0, width=65, height=256)",READ_ERROR,0,0,0,0,Read failed. See previous exception for details.
TOR12,"Window(col_off=0, row_off=256, width=256, height=256)",READ_ERROR,0,0,0,0,Read failed. See previous exception for details.
TOR12,"Window(col_off=256, row_off=256, width=256, height=256)",READ_ERROR,0,0,0,0,Read failed. See previous exception for details.
TOR12,"Window(col_off=512, row_off=256, width=256, height=256)",READ_ERROR,0,0,0,0,Read failed. See previous exception for details.
TOR12,"Window(col_off=768, row_off=256, width=256, height=256)",READ_ERROR,0,0,0,0,Read failed. See previous exception for details.
TOR12,"Window(col_off=1024, row_off=256, width=256, height=256)",READ_ERROR,0,0,0,0,Read failed. See previous exception for details.
TOR12,"Window(col_off=1280, row_off=256, width=256, height=256)",READ_ERROR,0,0,0,0,Read failed. See previous exception for details.
TOR12,"Window(col_off=1536, row_off=256, width=65, height=256)",READ_ERROR,0,0,0,0,Read failed. See previous exception for details.
TOR12,"Window(col_off=0, row_off=512, width=256, height=256)",READ_ERROR,0,0,0,0,Read failed. See previous exception for details.
TOR12,"Window(col_off=256, row_off=512, width=256, height=256)",READ_ERROR,0,0,0,0,Read failed. See previous exception for details.
TOR12,"Window(col_off=512, row_off=512, width=256, height=256)",READ_ERROR,0,0,0,0,Read failed. See previous exception for details.
TOR12,"Window(col_off=768, row_off=512, width=256, height=256)",READ_ERROR,0,0,0,0,Read failed. See previous exception for details.
TOR12,"Window(col_off=1024, row_off=512, width=256, height=256)",READ_ERROR,0,0,0,0,Read failed. See previous exception for details.
TOR12,"Window(col_off=1280, row_off=512, width=256, height=256)",READ_ERROR,0,0,0,0,Read failed. See previous exception for details.
TOR12,"Window(col_off=1536, row_off=512, width=65, height=256)",READ_ERROR,0,0,0,0,Read failed. See previous exception for details.
TOR12,"Window(col_off=0, row_off=768, width=256, height=256)",READ_ERROR,0,0,0,0,Read failed. See previous exception for details.
TOR12,"Window(col_off=256, row_off=768, width=256, height=256)",READ_ERROR,0,0,0,0,Read failed. See previous exception for details.
TOR12,"Window(col_off=512, row_off=768, width=256, height=256)",READ_ERROR,0,0,0,0,Read failed. See previous exception for details.
TOR12,"Window(col_off=768, row_off=768, width=256, height=256)",READ_ERROR,0,0,0,0,Read failed. See previous exception for details.
TOR12,"Window(col_off=1024, row_off=768, width=256, height=256)",READ_ERROR,0,0,0,0,Read failed. See previous exception for details.
TOR12,"Window(col_off=1280, row_off=768, width=256, height=256)",READ_ERROR,0,0,0,0,Read failed. See previous exception for details.
TOR12,"Window(col_off=1536, row_off=768, width=65, height=256)",READ_ERROR,0,0,0,0,Read failed. See previous exception for details.
TOR12,"Window(col_off=0, row_off=1024, width=256, height=65)",READ_ERROR,0,0,0,0,Read failed. See previous exception for details.
TOR12,"Window(col_off=256, row_off=1024, width=256, height=65)",READ_ERROR,0,0,0,0,Read failed. See previous exception for details.
TOR12,"Window(col_off=512, row_off=1024, width=256, height=65)",READ_ERROR,0,0,0,0,Read failed. See previous exception for details.
TOR12,"Window(col_off=768, row_off=1024, width=256, height=65)",READ_ERROR,0,0,0,0,Read failed. See previous exception for details.
TOR12,"Window(col_off=1024, row_off=1024, width=256, height=65)",READ_ERROR,0,0,0,0,Read failed. See previous exception for details.
TOR12,"Window(col_off=1280, row_off=1024, width=256, height=65)",READ_ERROR,0,0,0,0,Read failed. See previous exception for details.
TOR12,"Window(col_off=1536, row_off=1024, width=65, height=65)",READ_ERROR,0,0,0,0,Read failed. See previous exception for details.
TOR13,"Window(col_off=0, row_off=0, width=256, height=256)",OK,0,65200,0,1200,
TOR13,"Window(col_off=256, row_off=0, width=256, height=256)",OK,0,65536,0,1200,
TOR13,"Window(col_off=512, row_off=0, width=256, height=256)",OK,11041,54312,1200,1200,
TOR13,"Window(col_off=768, row_off=0, width=256, height=256)",READ_ERROR,0,0,0,0,Read failed. See previous exception for details.
TOR13,"Window(col_off=1024, row_off=0, width=256, height=256)",READ_ERROR,0,0,0,0,Read failed. See previous exception for details.
TOR13,"Window(col_off=1280, row_off=0, width=256, height=256)",READ_ERROR,0,0,0,0,Read failed. See previous exception for details.
TOR13,"Window(col_off=1536, row_off=0, width=232, height=256)",READ_ERROR,0,0,0,0,Read failed. See previous exception for details.
TOR13,"Window(col_off=0, row_off=256, width=256, height=256)",READ_ERROR,0,0,0,0,Read failed. See previous exception for details.
TOR13,"Window(col_off=256, row_off=256, width=256, height=256)",READ_ERROR,0,0,0,0,Read failed. See previous exception for details.
TOR13,"Window(col_off=512, row_off=256, width=256, height=256)",READ_ERROR,0,0,0,0,Read failed. See previous exception for details.
TOR13,"Window(col_off=768, row_off=256, width=256, height=256)",READ_ERROR,0,0,0,0,Read failed. See previous exception for details.
TOR13,"Window(col_off=1024, row_off=256, width=256, height=256)",READ_ERROR,0,0,0,0,Read failed. See previous exception for details.
TOR13,"Window(col_off=1280, row_off=256, width=256, height=256)",READ_ERROR,0,0,0,0,Read failed. See previous exception for details.
TOR13,"Window(col_off=1536, row_off=256, width=232, height=256)",READ_ERROR,0,0,0,0,Read failed. See previous exception for details.
TOR13,"Window(col_off=0, row_off=512, width=256, height=256)",READ_ERROR,0,0,0,0,Read failed. See previous exception for details.
TOR13,"Window(col_off=256, row_off=512, width=256, height=256)",READ_ERROR,0,0,0,0,Read failed. See previous exception for details.
TOR13,"Window(col_off=512, row_off=512, width=256, height=256)",READ_ERROR,0,0,0,0,Read failed. See previous exception for details.
TOR13,"Window(col_off=768, row_off=512, width=256, height=256)",READ_ERROR,0,0,0,0,Read failed. See previous exception for details.
TOR13,"Window(col_off=1024, row_off=512, width=256, height=256)",READ_ERROR,0,0,0,0,Read failed. See previous exception for details.
TOR13,"Window(col_off=1280, row_off=512, width=256, height=256)",READ_ERROR,0,0,0,0,Read failed. See previous exception for details.
TOR13,"Window(col_off=1536, row_off=512, width=232, height=256)",READ_ERROR,0,0,0,0,Read failed. See previous exception for details.
TOR13,"Window(col_off=0, row_off=768, width=256, height=256)",READ_ERROR,0,0,0,0,Read failed. See previous exception for details.
TOR13,"Window(col_off=256, row_off=768, width=256, height=256)",READ_ERROR,0,0,0,0,Read failed. See previous exception for details.
TOR13,"Window(col_off=512, row_off=768, width=256, height=256)",READ_ERROR,0,0,0,0,Read failed. See previous exception for details.
TOR13,"Window(col_off=768, row_off=768, width=256, height=256)",READ_ERROR,0,0,0,0,Read failed. See previous exception for details.
TOR13,"Window(col_off=1024, row_off=768, width=256, height=256)",READ_ERROR,0,0,0,0,Read failed. See previous exception for details.
TOR13,"Window(col_off=1280, row_off=768, width=256, height=256)",READ_ERROR,0,0,0,0,Read failed. See previous exception for details.
TOR13,"Window(col_off=1536, row_off=768, width=232, height=256)",READ_ERROR,0,0,0,0,Read failed. See previous exception for details.
TOR13,"Window(col_off=0, row_off=1024, width=256, height=256)",READ_ERROR,0,0,0,0,Read failed. See previous exception for details.
TOR13,"Window(col_off=256, row_off=1024, width=256, height=256)",READ_ERROR,0,0,0,0,Read failed. See previous exception for details.
TOR13,"Window(col_off=512, row_off=1024, width=256, height=256)",READ_ERROR,0,0,0,0,Read failed. See previous exception for details.
TOR13,"Window(col_off=768, row_off=1024, width=256, height=256)",READ_ERROR,0,0,0,0,Read failed. See previous exception for details.
TOR13,"Window(col_off=1024, row_off=1024, width=256, height=256)",READ_ERROR,0,0,0,0,Read failed. See previous exception for details.
TOR13,"Window(col_off=1280, row_off=1024, width=256, height=256)",READ_ERROR,0,0,0,0,Read failed. See previous exception for details.
TOR13,"Window(col_off=1536, row_off=1024, width=232, height=256)",READ_ERROR,0,0,0,0,Read failed. See previous exception for details.
TOR13,"Window(col_off=0, row_off=1280, width=256, height=181)",READ_ERROR,0,0,0,0,Read failed. See previous exception for details.
TOR13,"Window(col_off=256, row_off=1280, width=256, height=181)",READ_ERROR,0,0,0,0,Read failed. See previous exception for details.
TOR13,"Window(col_off=512, row_off=1280, width=256, height=181)",READ_ERROR,0,0,0,0,Read failed. See previous exception for details.
TOR13,"Window(col_off=768, row_off=1280, width=256, height=181)",READ_ERROR,0,0,0,0,Read failed. See previous exception for details.
TOR13,"Window(col_off=1024, row_off=1280, width=256, height=181)",READ_ERROR,0,0,0,0,Read failed. See previous exception for details.
TOR13,"Window(col_off=1280, row_off=1280, width=256, height=181)",READ_ERROR,0,0,0,0,Read failed. See previous exception for details.
TOR13,"Window(col_off=1536, row_off=1280, width=232, height=181)",READ_ERROR,0,0,0,0,Read failed. See previous exception for details.
TOR15,"Window(col_off=0, row_off=0, width=256, height=256)",OK,0,65251,0,1200,
TOR15,"Window(col_off=256, row_off=0, width=256, height=256)",OK,0,65536,0,1200,
TOR15,"Window(col_off=512, row_off=0, width=256, height=256)",OK,0,65528,0,1200,
TOR15,"Window(col_off=768, row_off=0, width=256, height=256)",READ_ERROR,0,0,0,0,Read failed. See previous exception for details.
TOR15,"Window(col_off=1024, row_off=0, width=256, height=256)",READ_ERROR,0,0,0,0,Read failed. See previous exception for details.
TOR15,"Window(col_off=1280, row_off=0, width=256, height=256)",READ_ERROR,0,0,0,0,Read failed. See previous exception for details.
TOR15,"Window(col_off=1536, row_off=0, width=256, height=256)",READ_ERROR,0,0,0,0,Read failed. See previous exception for details.
TOR15,"Window(col_off=1792, row_off=0, width=256, height=256)",READ_ERROR,0,0,0,0,Read failed. See previous exception for details.
TOR15,"Window(col_off=2048, row_off=0, width=256, height=256)",READ_ERROR,0,0,0,0,Read failed. See previous exception for details.
TOR15,"Window(col_off=2304, row_off=0, width=256, height=256)",READ_ERROR,0,0,0,0,Read failed. See previous exception for details.
TOR15,"Window(col_off=2560, row_off=0, width=6, height=256)",READ_ERROR,0,0,0,0,Read failed. See previous exception for details.
TOR15,"Window(col_off=0, row_off=256, width=256, height=256)",READ_ERROR,0,0,0,0,Read failed. See previous exception for details.
TOR15,"Window(col_off=256, row_off=256, width=256, height=256)",READ_ERROR,0,0,0,0,Read failed. See previous exception for details.
TOR15,"Window(col_off=512, row_off=256, width=256, height=256)",READ_ERROR,0,0,0,0,Read failed. See previous exception for details.
TOR15,"Window(col_off=768, row_off=256, width=256, height=256)",READ_ERROR,0,0,0,0,Read failed. See previous exception for details.
TOR15,"Window(col_off=1024, row_off=256, width=256, height=256)",READ_ERROR,0,0,0,0,Read failed. See previous exception for details.
TOR15,"Window(col_off=1280, row_off=256, width=256, height=256)",READ_ERROR,0,0,0,0,Read failed. See previous exception for details.
TOR15,"Window(col_off=1536, row_off=256, width=256, height=256)",READ_ERROR,0,0,0,0,Read failed. See previous exception for details.
TOR15,"Window(col_off=1792, row_off=256, width=256, height=256)",READ_ERROR,0,0,0,0,Read failed. See previous exception for details.
TOR15,"Window(col_off=2048, row_off=256, width=256, height=256)",READ_ERROR,0,0,0,0,Read failed. See previous exception for details.
TOR15,"Window(col_off=2304, row_off=256, width=256, height=256)",READ_ERROR,0,0,0,0,Read failed. See previous exception for details.
TOR15,"Window(col_off=2560, row_off=256, width=6, height=256)",READ_ERROR,0,0,0,0,Read failed. See previous exception for details.
TOR15,"Window(col_off=0, row_off=512, width=256, height=256)",READ_ERROR,0,0,0,0,Read failed. See previous exception for details.
TOR15,"Window(col_off=256, row_off=512, width=256, height=256)",READ_ERROR,0,0,0,0,Read failed. See previous exception for details.
TOR15,"Window(col_off=512, row_off=512, width=256, height=256)",READ_ERROR,0,0,0,0,Read failed. See previous exception for details.
TOR15,"Window(col_off=768, row_off=512, width=256, height=256)",READ_ERROR,0,0,0,0,Read failed. See previous exception for details.
TOR15,"Window(col_off=1024, row_off=512, width=256, height=256)",READ_ERROR,0,0,0,0,Read failed. See previous exception for details.
TOR15,"Window(col_off=1280, row_off=512, width=256, height=256)",READ_ERROR,0,0,0,0,Read failed. See previous exception for details.
TOR15,"Window(col_off=1536, row_off=512, width=256, height=256)",READ_ERROR,0,0,0,0,Read failed. See previous exception for details.
TOR15,"Window(col_off=1792, row_off=512, width=256, height=256)",READ_ERROR,0,0,0,0,Read failed. See previous exception for details.
TOR15,"Window(col_off=2048, row_off=512, width=256, height=256)",READ_ERROR,0,0,0,0,Read failed. See previous exception for details.
TOR15,"Window(col_off=2304, row_off=512, width=256, height=256)",READ_ERROR,0,0,0,0,Read failed. See previous exception for details.
TOR15,"Window(col_off=2560, row_off=512, width=6, height=256)",READ_ERROR,0,0,0,0,Read failed. See previous exception for details.
TOR15,"Window(col_off=0, row_off=768, width=256, height=256)",READ_ERROR,0,0,0,0,Read failed. See previous exception for details.
TOR15,"Window(col_off=256, row_off=768, width=256, height=256)",READ_ERROR,0,0,0,0,Read failed. See previous exception for details.
TOR15,"Window(col_off=512, row_off=768, width=256, height=256)",READ_ERROR,0,0,0,0,Read failed. See previous exception for details.
TOR15,"Window(col_off=768, row_off=768, width=256, height=256)",READ_ERROR,0,0,0,0,Read failed. See previous exception for details.
TOR15,"Window(col_off=1024, row_off=768, width=256, height=256)",READ_ERROR,0,0,0,0,Read failed. See previous exception for details.
TOR15,"Window(col_off=1280, row_off=768, width=256, height=256)",READ_ERROR,0,0,0,0,Read failed. See previous exception for details.
TOR15,"Window(col_off=1536, row_off=768, width=256, height=256)",READ_ERROR,0,0,0,0,Read failed. See previous exception for details.
TOR15,"Window(col_off=1792, row_off=768, width=256, height=256)",READ_ERROR,0,0,0,0,Read failed. See previous exception for details.
TOR15,"Window(col_off=2048, row_off=768, width=256, height=256)",READ_ERROR,0,0,0,0,Read failed. See previous exception for details.
TOR15,"Window(col_off=2304, row_off=768, width=256, height=256)",READ_ERROR,0,0,0,0,Read failed. See previous exception for details.
TOR15,"Window(col_off=2560, row_off=768, width=6, height=256)",READ_ERROR,0,0,0,0,Read failed. See previous exception for details.
TOR15,"Window(col_off=0, row_off=1024, width=256, height=165)",READ_ERROR,0,0,0,0,Read failed. See previous exception for details.
TOR15,"Window(col_off=256, row_off=1024, width=256, height=165)",READ_ERROR,0,0,0,0,Read failed. See previous exception for details.
TOR15,"Window(col_off=512, row_off=1024, width=256, height=165)",READ_ERROR,0,0,0,0,Read failed. See previous exception for details.
TOR15,"Window(col_off=768, row_off=1024, width=256, height=165)",READ_ERROR,0,0,0,0,Read failed. See previous exception for details.
TOR15,"Window(col_off=1024, row_off=1024, width=256, height=165)",READ_ERROR,0,0,0,0,Read failed. See previous exception for details.
TOR15,"Window(col_off=1280, row_off=1024, width=256, height=165)",READ_ERROR,0,0,0,0,Read failed. See previous exception for details.
TOR15,"Window(col_off=1536, row_off=1024, width=256, height=165)",READ_ERROR,0,0,0,0,Read failed. See previous exception for details.
TOR15,"Window(col_off=1792, row_off=1024, width=256, height=165)",READ_ERROR,0,0,0,0,Read failed. See previous exception for details.
TOR15,"Window(col_off=2048, row_off=1024, width=256, height=165)",READ_ERROR,0,0,0,0,Read failed. See previous exception for details.
TOR15,"Window(col_off=2304, row_off=1024, width=256, height=165)",READ_ERROR,0,0,0,0,Read failed. See previous exception for details.
TOR15,"Window(col_off=2560, row_off=1024, width=6, height=165)",READ_ERROR,0,0,0,0,Read failed. See previous exception for details.
TOR16,"Window(col_off=0, row_off=0, width=256, height=256)",OK,0,0,0,0,
TOR16,"Window(col_off=256, row_off=0, width=256, height=256)",OK,0,8260,0,1200,
TOR16,"Window(col_off=512, row_off=0, width=256, height=256)",OK,0,47920,0,1200,
TOR16,"Window(col_off=768, row_off=0, width=256, height=256)",READ_ERROR,0,0,0,0,Read failed. See previous exception for details.
TOR16,"Window(col_off=1024, row_off=0, width=256, height=256)",READ_ERROR,0,0,0,0,Read failed. See previous exception for details.
TOR16,"Window(col_off=1280, row_off=0, width=256, height=256)",READ_ERROR,0,0,0,0,Read failed. See previous exception for details.
TOR16,"Window(col_off=1536, row_off=0, width=256, height=256)",READ_ERROR,0,0,0,0,Read failed. See previous exception for details.
TOR16,"Window(col_off=1792, row_off=0, width=256, height=256)",READ_ERROR,0,0,0,0,Read failed. See previous exception for details.
TOR16,"Window(col_off=2048, row_off=0, width=256, height=256)",READ_ERROR,0,0,0,0,Read failed. See previous exception for details.
TOR16,"Window(col_off=2304, row_off=0, width=256, height=256)",READ_ERROR,0,0,0,0,Read failed. See previous exception for details.
TOR16,"Window(col_off=2560, row_off=0, width=256, height=256)",READ_ERROR,0,0,0,0,Read failed. See previous exception for details.
TOR16,"Window(col_off=2816, row_off=0, width=256, height=256)",READ_ERROR,0,0,0,0,Read failed. See previous exception for details.
TOR16,"Window(col_off=3072, row_off=0, width=256, height=256)",READ_ERROR,0,0,0,0,Read failed. See previous exception for details.
TOR16,"Window(col_off=3328, row_off=0, width=256, height=256)",READ_ERROR,0,0,0,0,Read failed. See previous exception for details.
TOR16,"Window(col_off=3584, row_off=0, width=256, height=256)",READ_ERROR,0,0,0,0,Read failed. See previous exception for details.
TOR16,"Window(col_off=3840, row_off=0, width=256, height=256)",READ_ERROR,0,0,0,0,Read failed. See previous exception for details.
TOR16,"Window(col_off=4096, row_off=0, width=111, height=256)",READ_ERROR,0,0,0,0,Read failed. See previous exception for details.
TOR16,"Window(col_off=0, row_off=256, width=256, height=256)",READ_ERROR,0,0,0,0,Read failed. See previous exception for details.
TOR16,"Window(col_off=256, row_off=256, width=256, height=256)",READ_ERROR,0,0,0,0,Read failed. See previous exception for details.
TOR16,"Window(col_off=512, row_off=256, width=256, height=256)",READ_ERROR,0,0,0,0,Read failed. See previous exception for details.
TOR16,"Window(col_off=768, row_off=256, width=256, height=256)",READ_ERROR,0,0,0,0,Read failed. See previous exception for details.
TOR16,"Window(col_off=1024, row_off=256, width=256, height=256)",READ_ERROR,0,0,0,0,Read failed. See previous exception for details.
TOR16,"Window(col_off=1280, row_off=256, width=256, height=256)",READ_ERROR,0,0,0,0,Read failed. See previous exception for details.
TOR16,"Window(col_off=1536, row_off=256, width=256, height=256)",READ_ERROR,0,0,0,0,Read failed. See previous exception for details.
TOR16,"Window(col_off=1792, row_off=256, width=256, height=256)",READ_ERROR,0,0,0,0,Read failed. See previous exception for details.
TOR16,"Window(col_off=2048, row_off=256, width=256, height=256)",READ_ERROR,0,0,0,0,Read failed. See previous exception for details.
TOR16,"Window(col_off=2304, row_off=256, width=256, height=256)",READ_ERROR,0,0,0,0,Read failed. See previous exception for details.
TOR16,"Window(col_off=2560, row_off=256, width=256, height=256)",READ_ERROR,0,0,0,0,Read failed. See previous exception for details.
TOR16,"Window(col_off=2816, row_off=256, width=256, height=256)",READ_ERROR,0,0,0,0,Read failed. See previous exception for details.
TOR16,"Window(col_off=3072, row_off=256, width=256, height=256)",READ_ERROR,0,0,0,0,Read failed. See previous exception for details.
TOR16,"Window(col_off=3328, row_off=256, width=256, height=256)",READ_ERROR,0,0,0,0,Read failed. See previous exception for details.
TOR16,"Window(col_off=3584, row_off=256, width=256, height=256)",READ_ERROR,0,0,0,0,Read failed. See previous exception for details.
TOR16,"Window(col_off=3840, row_off=256, width=256, height=256)",READ_ERROR,0,0,0,0,Read failed. See previous exception for details.
TOR16,"Window(col_off=4096, row_off=256, width=111, height=256)",READ_ERROR,0,0,0,0,Read failed. See previous exception for details.
TOR16,"Window(col_off=0, row_off=512, width=256, height=256)",READ_ERROR,0,0,0,0,Read failed. See previous exception for details.
TOR16,"Window(col_off=256, row_off=512, width=256, height=256)",READ_ERROR,0,0,0,0,Read failed. See previous exception for details.
TOR16,"Window(col_off=512, row_off=512, width=256, height=256)",READ_ERROR,0,0,0,0,Read failed. See previous exception for details.
TOR16,"Window(col_off=768, row_off=512, width=256, height=256)",READ_ERROR,0,0,0,0,Read failed. See previous exception for details.
TOR16,"Window(col_off=1024, row_off=512, width=256, height=256)",READ_ERROR,0,0,0,0,Read failed. See previous exception for details.
TOR16,"Window(col_off=1280, row_off=512, width=256, height=256)",READ_ERROR,0,0,0,0,Read failed. See previous exception for details.
TOR16,"Window(col_off=1536, row_off=512, width=256, height=256)",READ_ERROR,0,0,0,0,Read failed. See previous exception for details.
TOR16,"Window(col_off=1792, row_off=512, width=256, height=256)",READ_ERROR,0,0,0,0,Read failed. See previous exception for details.
TOR16,"Window(col_off=2048, row_off=512, width=256, height=256)",READ_ERROR,0,0,0,0,Read failed. See previous exception for details.
TOR16,"Window(col_off=2304, row_off=512, width=256, height=256)",READ_ERROR,0,0,0,0,Read failed. See previous exception for details.
TOR16,"Window(col_off=2560, row_off=512, width=256, height=256)",READ_ERROR,0,0,0,0,Read failed. See previous exception for details.
TOR16,"Window(col_off=2816, row_off=512, width=256, height=256)",READ_ERROR,0,0,0,0,Read failed. See previous exception for details.
TOR16,"Window(col_off=3072, row_off=512, width=256, height=256)",READ_ERROR,0,0,0,0,Read failed. See previous exception for details.
TOR16,"Window(col_off=3328, row_off=512, width=256, height=256)",READ_ERROR,0,0,0,0,Read failed. See previous exception for details.
TOR16,"Window(col_off=3584, row_off=512, width=256, height=256)",READ_ERROR,0,0,0,0,Read failed. See previous exception for details.
TOR16,"Window(col_off=3840, row_off=512, width=256, height=256)",READ_ERROR,0,0,0,0,Read failed. See previous exception for details.
TOR16,"Window(col_off=4096, row_off=512, width=111, height=256)",READ_ERROR,0,0,0,0,Read failed. See previous exception for details.
TOR16,"Window(col_off=0, row_off=768, width=256, height=256)",READ_ERROR,0,0,0,0,Read failed. See previous exception for details.
TOR16,"Window(col_off=256, row_off=768, width=256, height=256)",READ_ERROR,0,0,0,0,Read failed. See previous exception for details.
TOR16,"Window(col_off=512, row_off=768, width=256, height=256)",READ_ERROR,0,0,0,0,Read failed. See previous exception for details.
TOR16,"Window(col_off=768, row_off=768, width=256, height=256)",READ_ERROR,0,0,0,0,Read failed. See previous exception for details.
TOR16,"Window(col_off=1024, row_off=768, width=256, height=256)",READ_ERROR,0,0,0,0,Read failed. See previous exception for details.
TOR16,"Window(col_off=1280, row_off=768, width=256, height=256)",READ_ERROR,0,0,0,0,Read failed. See previous exception for details.
TOR16,"Window(col_off=1536, row_off=768, width=256, height=256)",READ_ERROR,0,0,0,0,Read failed. See previous exception for details.
TOR16,"Window(col_off=1792, row_off=768, width=256, height=256)",READ_ERROR,0,0,0,0,Read failed. See previous exception for details.
TOR16,"Window(col_off=2048, row_off=768, width=256, height=256)",READ_ERROR,0,0,0,0,Read failed. See previous exception for details.
TOR16,"Window(col_off=2304, row_off=768, width=256, height=256)",READ_ERROR,0,0,0,0,Read failed. See previous exception for details.
TOR16,"Window(col_off=2560, row_off=768, width=256, height=256)",READ_ERROR,0,0,0,0,Read failed. See previous exception for details.
TOR16,"Window(col_off=2816, row_off=768, width=256, height=256)",READ_ERROR,0,0,0,0,Read failed. See previous exception for details.
TOR16,"Window(col_off=3072, row_off=768, width=256, height=256)",READ_ERROR,0,0,0,0,Read failed. See previous exception for details.
TOR16,"Window(col_off=3328, row_off=768, width=256, height=256)",READ_ERROR,0,0,0,0,Read failed. See previous exception for details.
TOR16,"Window(col_off=3584, row_off=768, width=256, height=256)",READ_ERROR,0,0,0,0,Read failed. See previous exception for details.
TOR16,"Window(col_off=3840, row_off=768, width=256, height=256)",READ_ERROR,0,0,0,0,Read failed. See previous exception for details.
TOR16,"Window(col_off=4096, row_off=768, width=111, height=256)",READ_ERROR,0,0,0,0,Read failed. See previous exception for details.
TOR16,"Window(col_off=0, row_off=1024, width=256, height=150)",READ_ERROR,0,0,0,0,Read failed. See previous exception for details.
TOR16,"Window(col_off=256, row_off=1024, width=256, height=150)",READ_ERROR,0,0,0,0,Read failed. See previous exception for details.
TOR16,"Window(col_off=512, row_off=1024, width=256, height=150)",READ_ERROR,0,0,0,0,Read failed. See previous exception for details.
TOR16,"Window(col_off=768, row_off=1024, width=256, height=150)",READ_ERROR,0,0,0,0,Read failed. See previous exception for details.
TOR16,"Window(col_off=1024, row_off=1024, width=256, height=150)",READ_ERROR,0,0,0,0,Read failed. See previous exception for details.
TOR16,"Window(col_off=1280, row_off=1024, width=256, height=150)",READ_ERROR,0,0,0,0,Read failed. See previous exception for details.
TOR16,"Window(col_off=1536, row_off=1024, width=256, height=150)",READ_ERROR,0,0,0,0,Read failed. See previous exception for details.
TOR16,"Window(col_off=1792, row_off=1024, width=256, height=150)",READ_ERROR,0,0,0,0,Read failed. See previous exception for details.
TOR16,"Window(col_off=2048, row_off=1024, width=256, height=150)",READ_ERROR,0,0,0,0,Read failed. See previous exception for details.
TOR16,"Window(col_off=2304, row_off=1024, width=256, height=150)",READ_ERROR,0,0,0,0,Read failed. See previous exception for details.
TOR16,"Window(col_off=2560, row_off=1024, width=256, height=150)",READ_ERROR,0,0,0,0,Read failed. See previous exception for details.
TOR16,"Window(col_off=2816, row_off=1024, width=256, height=150)",READ_ERROR,0,0,0,0,Read failed. See previous exception for details.
TOR16,"Window(col_off=3072, row_off=1024, width=256, height=150)",READ_ERROR,0,0,0,0,Read failed. See previous exception for details.
TOR16,"Window(col_off=3328, row_off=1024, width=256, height=150)",READ_ERROR,0,0,0,0,Read failed. See previous exception for details.
TOR16,"Window(col_off=3584, row_off=1024, width=256, height=150)",READ_ERROR,0,0,0,0,Read failed. See previous exception for details.
TOR16,"Window(col_off=3840, row_off=1024, width=256, height=150)",READ_ERROR,0,0,0,0,Read failed. See previous exception for details.
TOR16,"Window(col_off=4096, row_off=1024, width=111, height=150)",READ_ERROR,0,0,0,0,Read failed. See previous exception for details.
TOR18,"Window(col_off=0, row_off=0, width=256, height=256)",OK,0,64837,0,1200,
TOR18,"Window(col_off=256, row_off=0, width=256, height=256)",OK,0,62655,0,1200,
TOR18,"Window(col_off=512, row_off=0, width=256, height=256)",OK,0,65536,0,1200,
TOR18,"Window(col_off=768, row_off=0, width=256, height=256)",OK,0,65536,0,1200,
TOR18,"Window(col_off=1024, row_off=0, width=256, height=256)",READ_ERROR,0,0,0,0,Read failed. See previous exception for details.
TOR18,"Window(col_off=1280, row_off=0, width=256, height=256)",READ_ERROR,0,0,0,0,Read failed. See previous exception for details.
TOR18,"Window(col_off=1536, row_off=0, width=256, height=256)",READ_ERROR,0,0,0,0,Read failed. See previous exception for details.
TOR18,"Window(col_off=1792, row_off=0, width=256, height=256)",READ_ERROR,0,0,0,0,Read failed. See previous exception for details.
TOR18,"Window(col_off=2048, row_off=0, width=256, height=256)",READ_ERROR,0,0,0,0,Read failed. See previous exception for details.
TOR18,"Window(col_off=2304, row_off=0, width=125, height=256)",READ_ERROR,0,0,0,0,Read failed. See previous exception for details.
TOR18,"Window(col_off=0, row_off=256, width=256, height=256)",READ_ERROR,0,0,0,0,Read failed. See previous exception for details.
TOR18,"Window(col_off=256, row_off=256, width=256, height=256)",READ_ERROR,0,0,0,0,Read failed. See previous exception for details.
TOR18,"Window(col_off=512, row_off=256, width=256, height=256)",READ_ERROR,0,0,0,0,Read failed. See previous exception for details.
TOR18,"Window(col_off=768, row_off=256, width=256, height=256)",READ_ERROR,0,0,0,0,Read failed. See previous exception for details.
TOR18,"Window(col_off=1024, row_off=256, width=256, height=256)",READ_ERROR,0,0,0,0,Read failed. See previous exception for details.
TOR18,"Window(col_off=1280, row_off=256, width=256, height=256)",READ_ERROR,0,0,0,0,Read failed. See previous exception for details.
TOR18,"Window(col_off=1536, row_off=256, width=256, height=256)",READ_ERROR,0,0,0,0,Read failed. See previous exception for details.
TOR18,"Window(col_off=1792, row_off=256, width=256, height=256)",READ_ERROR,0,0,0,0,Read failed. See previous exception for details.
TOR18,"Window(col_off=2048, row_off=256, width=256, height=256)",READ_ERROR,0,0,0,0,Read failed. See previous exception for details.
TOR18,"Window(col_off=2304, row_off=256, width=125, height=256)",READ_ERROR,0,0,0,0,Read failed. See previous exception for details.
TOR18,"Window(col_off=0, row_off=512, width=256, height=256)",READ_ERROR,0,0,0,0,Read failed. See previous exception for details.
TOR18,"Window(col_off=256, row_off=512, width=256, height=256)",READ_ERROR,0,0,0,0,Read failed. See previous exception for details.
TOR18,"Window(col_off=512, row_off=512, width=256, height=256)",READ_ERROR,0,0,0,0,Read failed. See previous exception for details.
TOR18,"Window(col_off=768, row_off=512, width=256, height=256)",READ_ERROR,0,0,0,0,Read failed. See previous exception for details.
TOR18,"Window(col_off=1024, row_off=512, width=256, height=256)",READ_ERROR,0,0,0,0,Read failed. See previous exception for details.
TOR18,"Window(col_off=1280, row_off=512, width=256, height=256)",READ_ERROR,0,0,0,0,Read failed. See previous exception for details.
TOR18,"Window(col_off=1536, row_off=512, width=256, height=256)",READ_ERROR,0,0,0,0,Read failed. See previous exception for details.
TOR18,"Window(col_off=1792, row_off=512, width=256, height=256)",READ_ERROR,0,0,0,0,Read failed. See previous exception for details.
TOR18,"Window(col_off=2048, row_off=512, width=256, height=256)",READ_ERROR,0,0,0,0,Read failed. See previous exception for details.
TOR18,"Window(col_off=2304, row_off=512, width=125, height=256)",READ_ERROR,0,0,0,0,Read failed. See previous exception for details.
TOR18,"Window(col_off=0, row_off=768, width=256, height=256)",READ_ERROR,0,0,0,0,Read failed. See previous exception for details.
TOR18,"Window(col_off=256, row_off=768, width=256, height=256)",READ_ERROR,0,0,0,0,Read failed. See previous exception for details.
TOR18,"Window(col_off=512, row_off=768, width=256, height=256)",READ_ERROR,0,0,0,0,Read failed. See previous exception for details.
TOR18,"Window(col_off=768, row_off=768, width=256, height=256)",READ_ERROR,0,0,0,0,Read failed. See previous exception for details.
TOR18,"Window(col_off=1024, row_off=768, width=256, height=256)",READ_ERROR,0,0,0,0,Read failed. See previous exception for details.
TOR18,"Window(col_off=1280, row_off=768, width=256, height=256)",READ_ERROR,0,0,0,0,Read failed. See previous exception for details.
TOR18,"Window(col_off=1536, row_off=768, width=256, height=256)",READ_ERROR,0,0,0,0,Read failed. See previous exception for details.
TOR18,"Window(col_off=1792, row_off=768, width=256, height=256)",READ_ERROR,0,0,0,0,Read failed. See previous exception for details.
TOR18,"Window(col_off=2048, row_off=768, width=256, height=256)",READ_ERROR,0,0,0,0,Read failed. See previous exception for details.
TOR18,"Window(col_off=2304, row_off=768, width=125, height=256)",READ_ERROR,0,0,0,0,Read failed. See previous exception for details.
TOR18,"Window(col_off=0, row_off=1024, width=256, height=256)",READ_ERROR,0,0,0,0,Read failed. See previous exception for details.
TOR18,"Window(col_off=256, row_off=1024, width=256, height=256)",READ_ERROR,0,0,0,0,Read failed. See previous exception for details.
TOR18,"Window(col_off=512, row_off=1024, width=256, height=256)",READ_ERROR,0,0,0,0,Read failed. See previous exception for details.
TOR18,"Window(col_off=768, row_off=1024, width=256, height=256)",READ_ERROR,0,0,0,0,Read failed. See previous exception for details.
TOR18,"Window(col_off=1024, row_off=1024, width=256, height=256)",READ_ERROR,0,0,0,0,Read failed. See previous exception for details.
TOR18,"Window(col_off=1280, row_off=1024, width=256, height=256)",READ_ERROR,0,0,0,0,Read failed. See previous exception for details.
TOR18,"Window(col_off=1536, row_off=1024, width=256, height=256)",READ_ERROR,0,0,0,0,Read failed. See previous exception for details.
TOR18,"Window(col_off=1792, row_off=1024, width=256, height=256)",READ_ERROR,0,0,0,0,Read failed. See previous exception for details.
TOR18,"Window(col_off=2048, row_off=1024, width=256, height=256)",READ_ERROR,0,0,0,0,Read failed. See previous exception for details.
TOR18,"Window(col_off=2304, row_off=1024, width=125, height=256)",READ_ERROR,0,0,0,0,Read failed. See previous exception for details.
TOR18,"Window(col_off=0, row_off=1280, width=256, height=256)",READ_ERROR,0,0,0,0,Read failed. See previous exception for details.
TOR18,"Window(col_off=256, row_off=1280, width=256, height=256)",READ_ERROR,0,0,0,0,Read failed. See previous exception for details.
TOR18,"Window(col_off=512, row_off=1280, width=256, height=256)",READ_ERROR,0,0,0,0,Read failed. See previous exception for details.
TOR18,"Window(col_off=768, row_off=1280, width=256, height=256)",READ_ERROR,0,0,0,0,Read failed. See previous exception for details.
TOR18,"Window(col_off=1024, row_off=1280, width=256, height=256)",READ_ERROR,0,0,0,0,Read failed. See previous exception for details.
TOR18,"Window(col_off=1280, row_off=1280, width=256, height=256)",READ_ERROR,0,0,0,0,Read failed. See previous exception for details.
TOR18,"Window(col_off=1536, row_off=1280, width=256, height=256)",READ_ERROR,0,0,0,0,Read failed. See previous exception for details.
TOR18,"Window(col_off=1792, row_off=1280, width=256, height=256)",READ_ERROR,0,0,0,0,Read failed. See previous exception for details.
TOR18,"Window(col_off=2048, row_off=1280, width=256, height=256)",READ_ERROR,0,0,0,0,Read failed. See previous exception for details.
TOR18,"Window(col_off=2304, row_off=1280, width=125, height=256)",READ_ERROR,0,0,0,0,Read failed. See previous exception for details.
TOR18,"Window(col_off=0, row_off=1536, width=256, height=64)",READ_ERROR,0,0,0,0,Read failed. See previous exception for details.
TOR18,"Window(col_off=256, row_off=1536, width=256, height=64)",READ_ERROR,0,0,0,0,Read failed. See previous exception for details.
TOR18,"Window(col_off=512, row_off=1536, width=256, height=64)",READ_ERROR,0,0,0,0,Read failed. See previous exception for details.
TOR18,"Window(col_off=768, row_off=1536, width=256, height=64)",READ_ERROR,0,0,0,0,Read failed. See previous exception for details.
TOR18,"Window(col_off=1024, row_off=1536, width=256, height=64)",READ_ERROR,0,0,0,0,Read failed. See previous exception for details.
TOR18,"Window(col_off=1280, row_off=1536, width=256, height=64)",READ_ERROR,0,0,0,0,Read failed. See previous exception for details.
TOR18,"Window(col_off=1536, row_off=1536, width=256, height=64)",READ_ERROR,0,0,0,0,Read failed. See previous exception for details.
TOR18,"Window(col_off=1792, row_off=1536, width=256, height=64)",READ_ERROR,0,0,0,0,Read failed. See previous exception for details.
TOR18,"Window(col_off=2048, row_off=1536, width=256, height=64)",READ_ERROR,0,0,0,0,Read failed. See previous exception for details.
TOR18,"Window(col_off=2304, row_off=1536, width=125, height=64)",READ_ERROR,0,0,0,0,Read failed. See previous exception for details.
TOR24,"Window(col_off=0, row_off=0, width=256, height=256)",OK,0,65224,0,1200,
TOR24,"Window(col_off=256, row_off=0, width=256, height=256)",OK,0,65533,0,1200,
TOR24,"Window(col_off=512, row_off=0, width=256, height=256)",OK,0,65524,0,1200,
TOR24,"Window(col_off=768, row_off=0, width=179, height=256)",READ_ERROR,0,0,0,0,Read failed. See previous exception for details.
TOR24,"Window(col_off=0, row_off=256, width=256, height=54)",READ_ERROR,0,0,0,0,Read failed. See previous exception for details.
TOR24,"Window(col_off=256, row_off=256, width=256, height=54)",READ_ERROR,0,0,0,0,Read failed. See previous exception for details.
TOR24,"Window(col_off=512, row_off=256, width=256, height=54)",READ_ERROR,0,0,0,0,Read failed. See previous exception for details.
TOR24,"Window(col_off=768, row_off=256, width=179, height=54)",READ_ERROR,0,0,0,0,Read failed. See previous exception for details.
TOR61,"Window(col_off=0, row_off=0, width=256, height=256)",OK,0,65246,0,1200,
TOR61,"Window(col_off=256, row_off=0, width=256, height=256)",OK,0,65532,0,1200,
TOR61,"Window(col_off=512, row_off=0, width=256, height=256)",OK,0,65413,0,1200,
TOR61,"Window(col_off=768, row_off=0, width=256, height=256)",READ_ERROR,0,0,0,0,Read failed. See previous exception for details.
TOR61,"Window(col_off=1024, row_off=0, width=256, height=256)",READ_ERROR,0,0,0,0,Read failed. See previous exception for details.
TOR61,"Window(col_off=1280, row_off=0, width=256, height=256)",READ_ERROR,0,0,0,0,Read failed. See previous exception for details.
TOR61,"Window(col_off=1536, row_off=0, width=71, height=256)",READ_ERROR,0,0,0,0,Read failed. See previous exception for details.
TOR61,"Window(col_off=0, row_off=256, width=256, height=256)",READ_ERROR,0,0,0,0,Read failed. See previous exception for details.
TOR61,"Window(col_off=256, row_off=256, width=256, height=256)",READ_ERROR,0,0,0,0,Read failed. See previous exception for details.
TOR61,"Window(col_off=512, row_off=256, width=256, height=256)",READ_ERROR,0,0,0,0,Read failed. See previous exception for details.
TOR61,"Window(col_off=768, row_off=256, width=256, height=256)",READ_ERROR,0,0,0,0,Read failed. See previous exception for details.
TOR61,"Window(col_off=1024, row_off=256, width=256, height=256)",READ_ERROR,0,0,0,0,Read failed. See previous exception for details.
TOR61,"Window(col_off=1280, row_off=256, width=256, height=256)",READ_ERROR,0,0,0,0,Read failed. See previous exception for details.
TOR61,"Window(col_off=1536, row_off=256, width=71, height=256)",READ_ERROR,0,0,0,0,Read failed. See previous exception for details.
TOR61,"Window(col_off=0, row_off=512, width=256, height=256)",READ_ERROR,0,0,0,0,Read failed. See previous exception for details.
TOR61,"Window(col_off=256, row_off=512, width=256, height=256)",READ_ERROR,0,0,0,0,Read failed. See previous exception for details.
TOR61,"Window(col_off=512, row_off=512, width=256, height=256)",READ_ERROR,0,0,0,0,Read failed. See previous exception for details.
TOR61,"Window(col_off=768, row_off=512, width=256, height=256)",READ_ERROR,0,0,0,0,Read failed. See previous exception for details.
TOR61,"Window(col_off=1024, row_off=512, width=256, height=256)",READ_ERROR,0,0,0,0,Read failed. See previous exception for details.
TOR61,"Window(col_off=1280, row_off=512, width=256, height=256)",READ_ERROR,0,0,0,0,Read failed. See previous exception for details.
TOR61,"Window(col_off=1536, row_off=512, width=71, height=256)",READ_ERROR,0,0,0,0,Read failed. See previous exception for details.
TOR61,"Window(col_off=0, row_off=768, width=256, height=120)",READ_ERROR,0,0,0,0,Read failed. See previous exception for details.
TOR61,"Window(col_off=256, row_off=768, width=256, height=120)",READ_ERROR,0,0,0,0,Read failed. See previous exception for details.
TOR61,"Window(col_off=512, row_off=768, width=256, height=120)",READ_ERROR,0,0,0,0,Read failed. See previous exception for details.
TOR61,"Window(col_off=768, row_off=768, width=256, height=120)",READ_ERROR,0,0,0,0,Read failed. See previous exception for details.
TOR61,"Window(col_off=1024, row_off=768, width=256, height=120)",READ_ERROR,0,0,0,0,Read failed. See previous exception for details.
TOR61,"Window(col_off=1280, row_off=768, width=256, height=120)",READ_ERROR,0,0,0,0,Read failed. See previous exception for details.
TOR61,"Window(col_off=1536, row_off=768, width=71, height=120)",READ_ERROR,0,0,0,0,Read failed. See previous exception for details.
TOR62,"Window(col_off=0, row_off=0, width=256, height=256)",OK,0,64937,0,1200,
TOR62,"Window(col_off=256, row_off=0, width=256, height=256)",OK,0,65536,0,1200,
TOR62,"Window(col_off=512, row_off=0, width=256, height=256)",OK,0,65536,0,1200,
TOR62,"Window(col_off=768, row_off=0, width=256, height=256)",READ_ERROR,0,0,0,0,Read failed. See previous exception for details.
TOR62,"Window(col_off=1024, row_off=0, width=256, height=256)",READ_ERROR,0,0,0,0,Read failed. See previous exception for details.
TOR62,"Window(col_off=1280, row_off=0, width=256, height=256)",READ_ERROR,0,0,0,0,Read failed. See previous exception for details.
TOR62,"Window(col_off=1536, row_off=0, width=256, height=256)",READ_ERROR,0,0,0,0,Read failed. See previous exception for details.
TOR62,"Window(col_off=1792, row_off=0, width=256, height=256)",READ_ERROR,0,0,0,0,Read failed. See previous exception for details.
TOR62,"Window(col_off=2048, row_off=0, width=84, height=256)",READ_ERROR,0,0,0,0,Read failed. See previous exception for details.
TOR62,"Window(col_off=0, row_off=256, width=256, height=256)",READ_ERROR,0,0,0,0,Read failed. See previous exception for details.
TOR62,"Window(col_off=256, row_off=256, width=256, height=256)",READ_ERROR,0,0,0,0,Read failed. See previous exception for details.
TOR62,"Window(col_off=512, row_off=256, width=256, height=256)",READ_ERROR,0,0,0,0,Read failed. See previous exception for details.
TOR62,"Window(col_off=768, row_off=256, width=256, height=256)",READ_ERROR,0,0,0,0,Read failed. See previous exception for details.
TOR62,"Window(col_off=1024, row_off=256, width=256, height=256)",READ_ERROR,0,0,0,0,Read failed. See previous exception for details.
TOR62,"Window(col_off=1280, row_off=256, width=256, height=256)",READ_ERROR,0,0,0,0,Read failed. See previous exception for details.
TOR62,"Window(col_off=1536, row_off=256, width=256, height=256)",READ_ERROR,0,0,0,0,Read failed. See previous exception for details.
TOR62,"Window(col_off=1792, row_off=256, width=256, height=256)",READ_ERROR,0,0,0,0,Read failed. See previous exception for details.
TOR62,"Window(col_off=2048, row_off=256, width=84, height=256)",READ_ERROR,0,0,0,0,Read failed. See previous exception for details.
TOR62,"Window(col_off=0, row_off=512, width=256, height=256)",READ_ERROR,0,0,0,0,Read failed. See previous exception for details.
TOR62,"Window(col_off=256, row_off=512, width=256, height=256)",READ_ERROR,0,0,0,0,Read failed. See previous exception for details.
TOR62,"Window(col_off=512, row_off=512, width=256, height=256)",READ_ERROR,0,0,0,0,Read failed. See previous exception for details.
TOR62,"Window(col_off=768, row_off=512, width=256, height=256)",READ_ERROR,0,0,0,0,Read failed. See previous exception for details.
TOR62,"Window(col_off=1024, row_off=512, width=256, height=256)",READ_ERROR,0,0,0,0,Read failed. See previous exception for details.
TOR62,"Window(col_off=1280, row_off=512, width=256, height=256)",READ_ERROR,0,0,0,0,Read failed. See previous exception for details.
TOR62,"Window(col_off=1536, row_off=512, width=256, height=256)",READ_ERROR,0,0,0,0,Read failed. See previous exception for details.
TOR62,"Window(col_off=1792, row_off=512, width=256, height=256)",READ_ERROR,0,0,0,0,Read failed. See previous exception for details.
TOR62,"Window(col_off=2048, row_off=512, width=84, height=256)",READ_ERROR,0,0,0,0,Read failed. See previous exception for details.
TOR62,"Window(col_off=0, row_off=768, width=256, height=256)",READ_ERROR,0,0,0,0,Read failed. See previous exception for details.
TOR62,"Window(col_off=256, row_off=768, width=256, height=256)",READ_ERROR,0,0,0,0,Read failed. See previous exception for details.
TOR62,"Window(col_off=512, row_off=768, width=256, height=256)",READ_ERROR,0,0,0,0,Read failed. See previous exception for details.
TOR62,"Window(col_off=768, row_off=768, width=256, height=256)",READ_ERROR,0,0,0,0,Read failed. See previous exception for details.
TOR62,"Window(col_off=1024, row_off=768, width=256, height=256)",READ_ERROR,0,0,0,0,Read failed. See previous exception for details.
TOR62,"Window(col_off=1280, row_off=768, width=256, height=256)",READ_ERROR,0,0,0,0,Read failed. See previous exception for details.
TOR62,"Window(col_off=1536, row_off=768, width=256, height=256)",READ_ERROR,0,0,0,0,Read failed. See previous exception for details.
TOR62,"Window(col_off=1792, row_off=768, width=256, height=256)",READ_ERROR,0,0,0,0,Read failed. See previous exception for details.
TOR62,"Window(col_off=2048, row_off=768, width=84, height=256)",READ_ERROR,0,0,0,0,Read failed. See previous exception for details.
TOR62,"Window(col_off=0, row_off=1024, width=256, height=72)",READ_ERROR,0,0,0,0,Read failed. See previous exception for details.
TOR62,"Window(col_off=256, row_off=1024, width=256, height=72)",READ_ERROR,0,0,0,0,Read failed. See previous exception for details.
TOR62,"Window(col_off=512, row_off=1024, width=256, height=72)",READ_ERROR,0,0,0,0,Read failed. See previous exception for details.
TOR62,"Window(col_off=768, row_off=1024, width=256, height=72)",READ_ERROR,0,0,0,0,Read failed. See previous exception for details.
TOR62,"Window(col_off=1024, row_off=1024, width=256, height=72)",READ_ERROR,0,0,0,0,Read failed. See previous exception for details.
TOR62,"Window(col_off=1280, row_off=1024, width=256, height=72)",READ_ERROR,0,0,0,0,Read failed. See previous exception for details.
TOR62,"Window(col_off=1536, row_off=1024, width=256, height=72)",READ_ERROR,0,0,0,0,Read failed. See previous exception for details.
TOR62,"Window(col_off=1792, row_off=1024, width=256, height=72)",READ_ERROR,0,0,0,0,Read failed. See previous exception for details.
TOR62,"Window(col_off=2048, row_off=1024, width=84, height=72)",READ_ERROR,0,0,0,0,Read failed. See previous exception for details.
TOR66,"Window(col_off=0, row_off=0, width=256, height=256)",OK,0,65204,0,1200,
TOR66,"Window(col_off=256, row_off=0, width=256, height=256)",OK,0,65533,0,1200,
TOR66,"Window(col_off=512, row_off=0, width=256, height=256)",OK,0,65534,0,1200,
TOR66,"Window(col_off=768, row_off=0, width=256, height=256)",READ_ERROR,0,0,0,0,Read failed. See previous exception for details.
TOR66,"Window(col_off=1024, row_off=0, width=256, height=256)",READ_ERROR,0,0,0,0,Read failed. See previous exception for details.
TOR66,"Window(col_off=1280, row_off=0, width=256, height=256)",READ_ERROR,0,0,0,0,Read failed. See previous exception for details.
TOR66,"Window(col_off=1536, row_off=0, width=256, height=256)",READ_ERROR,0,0,0,0,Read failed. See previous exception for details.
TOR66,"Window(col_off=1792, row_off=0, width=256, height=256)",READ_ERROR,0,0,0,0,Read failed. See previous exception for details.
TOR66,"Window(col_off=2048, row_off=0, width=256, height=256)",READ_ERROR,0,0,0,0,Read failed. See previous exception for details.
TOR66,"Window(col_off=2304, row_off=0, width=256, height=256)",READ_ERROR,0,0,0,0,Read failed. See previous exception for details.
TOR66,"Window(col_off=2560, row_off=0, width=256, height=256)",READ_ERROR,0,0,0,0,Read failed. See previous exception for details.
TOR66,"Window(col_off=2816, row_off=0, width=256, height=256)",READ_ERROR,0,0,0,0,Read failed. See previous exception for details.
TOR66,"Window(col_off=3072, row_off=0, width=256, height=256)",READ_ERROR,0,0,0,0,Read failed. See previous exception for details.
TOR66,"Window(col_off=3328, row_off=0, width=256, height=256)",READ_ERROR,0,0,0,0,Read failed. See previous exception for details.
TOR66,"Window(col_off=3584, row_off=0, width=256, height=256)",READ_ERROR,0,0,0,0,Read failed. See previous exception for details.
TOR66,"Window(col_off=3840, row_off=0, width=256, height=256)",READ_ERROR,0,0,0,0,Read failed. See previous exception for details.
TOR66,"Window(col_off=4096, row_off=0, width=213, height=256)",READ_ERROR,0,0,0,0,Read failed. See previous exception for details.
TOR66,"Window(col_off=0, row_off=256, width=256, height=256)",READ_ERROR,0,0,0,0,Read failed. See previous exception for details.
TOR66,"Window(col_off=256, row_off=256, width=256, height=256)",READ_ERROR,0,0,0,0,Read failed. See previous exception for details.
TOR66,"Window(col_off=512, row_off=256, width=256, height=256)",READ_ERROR,0,0,0,0,Read failed. See previous exception for details.
TOR66,"Window(col_off=768, row_off=256, width=256, height=256)",READ_ERROR,0,0,0,0,Read failed. See previous exception for details.
TOR66,"Window(col_off=1024, row_off=256, width=256, height=256)",READ_ERROR,0,0,0,0,Read failed. See previous exception for details.
TOR66,"Window(col_off=1280, row_off=256, width=256, height=256)",READ_ERROR,0,0,0,0,Read failed. See previous exception for details.
TOR66,"Window(col_off=1536, row_off=256, width=256, height=256)",READ_ERROR,0,0,0,0,Read failed. See previous exception for details.
TOR66,"Window(col_off=1792, row_off=256, width=256, height=256)",READ_ERROR,0,0,0,0,Read failed. See previous exception for details.
TOR66,"Window(col_off=2048, row_off=256, width=256, height=256)",READ_ERROR,0,0,0,0,Read failed. See previous exception for details.
TOR66,"Window(col_off=2304, row_off=256, width=256, height=256)",READ_ERROR,0,0,0,0,Read failed. See previous exception for details.
TOR66,"Window(col_off=2560, row_off=256, width=256, height=256)",READ_ERROR,0,0,0,0,Read failed. See previous exception for details.
TOR66,"Window(col_off=2816, row_off=256, width=256, height=256)",READ_ERROR,0,0,0,0,Read failed. See previous exception for details.
TOR66,"Window(col_off=3072, row_off=256, width=256, height=256)",READ_ERROR,0,0,0,0,Read failed. See previous exception for details.
TOR66,"Window(col_off=3328, row_off=256, width=256, height=256)",READ_ERROR,0,0,0,0,Read failed. See previous exception for details.
TOR66,"Window(col_off=3584, row_off=256, width=256, height=256)",READ_ERROR,0,0,0,0,Read failed. See previous exception for details.
TOR66,"Window(col_off=3840, row_off=256, width=256, height=256)",READ_ERROR,0,0,0,0,Read failed. See previous exception for details.
TOR66,"Window(col_off=4096, row_off=256, width=213, height=256)",READ_ERROR,0,0,0,0,Read failed. See previous exception for details.
TOR66,"Window(col_off=0, row_off=512, width=256, height=256)",READ_ERROR,0,0,0,0,Read failed. See previous exception for details.
TOR66,"Window(col_off=256, row_off=512, width=256, height=256)",READ_ERROR,0,0,0,0,Read failed. See previous exception for details.
TOR66,"Window(col_off=512, row_off=512, width=256, height=256)",READ_ERROR,0,0,0,0,Read failed. See previous exception for details.
TOR66,"Window(col_off=768, row_off=512, width=256, height=256)",READ_ERROR,0,0,0,0,Read failed. See previous exception for details.
TOR66,"Window(col_off=1024, row_off=512, width=256, height=256)",READ_ERROR,0,0,0,0,Read failed. See previous exception for details.
TOR66,"Window(col_off=1280, row_off=512, width=256, height=256)",READ_ERROR,0,0,0,0,Read failed. See previous exception for details.
TOR66,"Window(col_off=1536, row_off=512, width=256, height=256)",READ_ERROR,0,0,0,0,Read failed. See previous exception for details.
TOR66,"Window(col_off=1792, row_off=512, width=256, height=256)",READ_ERROR,0,0,0,0,Read failed. See previous exception for details.
TOR66,"Window(col_off=2048, row_off=512, width=256, height=256)",READ_ERROR,0,0,0,0,Read failed. See previous exception for details.
TOR66,"Window(col_off=2304, row_off=512, width=256, height=256)",READ_ERROR,0,0,0,0,Read failed. See previous exception for details.
TOR66,"Window(col_off=2560, row_off=512, width=256, height=256)",READ_ERROR,0,0,0,0,Read failed. See previous exception for details.
TOR66,"Window(col_off=2816, row_off=512, width=256, height=256)",READ_ERROR,0,0,0,0,Read failed. See previous exception for details.
TOR66,"Window(col_off=3072, row_off=512, width=256, height=256)",READ_ERROR,0,0,0,0,Read failed. See previous exception for details.
TOR66,"Window(col_off=3328, row_off=512, width=256, height=256)",READ_ERROR,0,0,0,0,Read failed. See previous exception for details.
TOR66,"Window(col_off=3584, row_off=512, width=256, height=256)",READ_ERROR,0,0,0,0,Read failed. See previous exception for details.
TOR66,"Window(col_off=3840, row_off=512, width=256, height=256)",READ_ERROR,0,0,0,0,Read failed. See previous exception for details.
TOR66,"Window(col_off=4096, row_off=512, width=213, height=256)",READ_ERROR,0,0,0,0,Read failed. See previous exception for details.
TOR66,"Window(col_off=0, row_off=768, width=256, height=256)",READ_ERROR,0,0,0,0,Read failed. See previous exception for details.
TOR66,"Window(col_off=256, row_off=768, width=256, height=256)",READ_ERROR,0,0,0,0,Read failed. See previous exception for details.
TOR66,"Window(col_off=512, row_off=768, width=256, height=256)",READ_ERROR,0,0,0,0,Read failed. See previous exception for details.
TOR66,"Window(col_off=768, row_off=768, width=256, height=256)",READ_ERROR,0,0,0,0,Read failed. See previous exception for details.
TOR66,"Window(col_off=1024, row_off=768, width=256, height=256)",READ_ERROR,0,0,0,0,Read failed. See previous exception for details.
TOR66,"Window(col_off=1280, row_off=768, width=256, height=256)",READ_ERROR,0,0,0,0,Read failed. See previous exception for details.
TOR66,"Window(col_off=1536, row_off=768, width=256, height=256)",READ_ERROR,0,0,0,0,Read failed. See previous exception for details.
TOR66,"Window(col_off=1792, row_off=768, width=256, height=256)",READ_ERROR,0,0,0,0,Read failed. See previous exception for details.
TOR66,"Window(col_off=2048, row_off=768, width=256, height=256)",READ_ERROR,0,0,0,0,Read failed. See previous exception for details.
TOR66,"Window(col_off=2304, row_off=768, width=256, height=256)",READ_ERROR,0,0,0,0,Read failed. See previous exception for details.
TOR66,"Window(col_off=2560, row_off=768, width=256, height=256)",READ_ERROR,0,0,0,0,Read failed. See previous exception for details.
TOR66,"Window(col_off=2816, row_off=768, width=256, height=256)",READ_ERROR,0,0,0,0,Read failed. See previous exception for details.
TOR66,"Window(col_off=3072, row_off=768, width=256, height=256)",READ_ERROR,0,0,0,0,Read failed. See previous exception for details.
TOR66,"Window(col_off=3328, row_off=768, width=256, height=256)",READ_ERROR,0,0,0,0,Read failed. See previous exception for details.
TOR66,"Window(col_off=3584, row_off=768, width=256, height=256)",READ_ERROR,0,0,0,0,Read failed. See previous exception for details.
TOR66,"Window(col_off=3840, row_off=768, width=256, height=256)",READ_ERROR,0,0,0,0,Read failed. See previous exception for details.
TOR66,"Window(col_off=4096, row_off=768, width=213, height=256)",READ_ERROR,0,0,0,0,Read failed. See previous exception for details.
TOR66,"Window(col_off=0, row_off=1024, width=256, height=256)",READ_ERROR,0,0,0,0,Read failed. See previous exception for details.
TOR66,"Window(col_off=256, row_off=1024, width=256, height=256)",READ_ERROR,0,0,0,0,Read failed. See previous exception for details.
TOR66,"Window(col_off=512, row_off=1024, width=256, height=256)",READ_ERROR,0,0,0,0,Read failed. See previous exception for details.
TOR66,"Window(col_off=768, row_off=1024, width=256, height=256)",READ_ERROR,0,0,0,0,Read failed. See previous exception for details.
TOR66,"Window(col_off=1024, row_off=1024, width=256, height=256)",READ_ERROR,0,0,0,0,Read failed. See previous exception for details.
TOR66,"Window(col_off=1280, row_off=1024, width=256, height=256)",READ_ERROR,0,0,0,0,Read failed. See previous exception for details.
TOR66,"Window(col_off=1536, row_off=1024, width=256, height=256)",READ_ERROR,0,0,0,0,Read failed. See previous exception for details.
TOR66,"Window(col_off=1792, row_off=1024, width=256, height=256)",READ_ERROR,0,0,0,0,Read failed. See previous exception for details.
TOR66,"Window(col_off=2048, row_off=1024, width=256, height=256)",READ_ERROR,0,0,0,0,Read failed. See previous exception for details.
TOR66,"Window(col_off=2304, row_off=1024, width=256, height=256)",READ_ERROR,0,0,0,0,Read failed. See previous exception for details.
TOR66,"Window(col_off=2560, row_off=1024, width=256, height=256)",READ_ERROR,0,0,0,0,Read failed. See previous exception for details.
TOR66,"Window(col_off=2816, row_off=1024, width=256, height=256)",READ_ERROR,0,0,0,0,Read failed. See previous exception for details.
TOR66,"Window(col_off=3072, row_off=1024, width=256, height=256)",READ_ERROR,0,0,0,0,Read failed. See previous exception for details.
TOR66,"Window(col_off=3328, row_off=1024, width=256, height=256)",READ_ERROR,0,0,0,0,Read failed. See previous exception for details.
TOR66,"Window(col_off=3584, row_off=1024, width=256, height=256)",READ_ERROR,0,0,0,0,Read failed. See previous exception for details.
TOR66,"Window(col_off=3840, row_off=1024, width=256, height=256)",READ_ERROR,0,0,0,0,Read failed. See previous exception for details.
TOR66,"Window(col_off=4096, row_off=1024, width=213, height=256)",READ_ERROR,0,0,0,0,Read failed. See previous exception for details.
TOR66,"Window(col_off=0, row_off=1280, width=256, height=256)",READ_ERROR,0,0,0,0,Read failed. See previous exception for details.
TOR66,"Window(col_off=256, row_off=1280, width=256, height=256)",READ_ERROR,0,0,0,0,Read failed. See previous exception for details.
TOR66,"Window(col_off=512, row_off=1280, width=256, height=256)",READ_ERROR,0,0,0,0,Read failed. See previous exception for details.
TOR66,"Window(col_off=768, row_off=1280, width=256, height=256)",READ_ERROR,0,0,0,0,Read failed. See previous exception for details.
TOR66,"Window(col_off=1024, row_off=1280, width=256, height=256)",READ_ERROR,0,0,0,0,Read failed. See previous exception for details.
TOR66,"Window(col_off=1280, row_off=1280, width=256, height=256)",READ_ERROR,0,0,0,0,Read failed. See previous exception for details.
TOR66,"Window(col_off=1536, row_off=1280, width=256, height=256)",READ_ERROR,0,0,0,0,Read failed. See previous exception for details.
TOR66,"Window(col_off=1792, row_off=1280, width=256, height=256)",READ_ERROR,0,0,0,0,Read failed. See previous exception for details.
TOR66,"Window(col_off=2048, row_off=1280, width=256, height=256)",READ_ERROR,0,0,0,0,Read failed. See previous exception for details.
TOR66,"Window(col_off=2304, row_off=1280, width=256, height=256)",READ_ERROR,0,0,0,0,Read failed. See previous exception for details.
TOR66,"Window(col_off=2560, row_off=1280, width=256, height=256)",READ_ERROR,0,0,0,0,Read failed. See previous exception for details.
TOR66,"Window(col_off=2816, row_off=1280, width=256, height=256)",READ_ERROR,0,0,0,0,Read failed. See previous exception for details.
TOR66,"Window(col_off=3072, row_off=1280, width=256, height=256)",READ_ERROR,0,0,0,0,Read failed. See previous exception for details.
TOR66,"Window(col_off=3328, row_off=1280, width=256, height=256)",READ_ERROR,0,0,0,0,Read failed. See previous exception for details.
TOR66,"Window(col_off=3584, row_off=1280, width=256, height=256)",READ_ERROR,0,0,0,0,Read failed. See previous exception for details.
TOR66,"Window(col_off=3840, row_off=1280, width=256, height=256)",READ_ERROR,0,0,0,0,Read failed. See previous exception for details.
TOR66,"Window(col_off=4096, row_off=1280, width=213, height=256)",READ_ERROR,0,0,0,0,Read failed. See previous exception for details.
TOR66,"Window(col_off=0, row_off=1536, width=256, height=256)",READ_ERROR,0,0,0,0,Read failed. See previous exception for details.
TOR66,"Window(col_off=256, row_off=1536, width=256, height=256)",READ_ERROR,0,0,0,0,Read failed. See previous exception for details.
TOR66,"Window(col_off=512, row_off=1536, width=256, height=256)",READ_ERROR,0,0,0,0,Read failed. See previous exception for details.
TOR66,"Window(col_off=768, row_off=1536, width=256, height=256)",READ_ERROR,0,0,0,0,Read failed. See previous exception for details.
TOR66,"Window(col_off=1024, row_off=1536, width=256, height=256)",READ_ERROR,0,0,0,0,Read failed. See previous exception for details.
TOR66,"Window(col_off=1280, row_off=1536, width=256, height=256)",READ_ERROR,0,0,0,0,Read failed. See previous exception for details.
TOR66,"Window(col_off=1536, row_off=1536, width=256, height=256)",READ_ERROR,0,0,0,0,Read failed. See previous exception for details.
TOR66,"Window(col_off=1792, row_off=1536, width=256, height=256)",READ_ERROR,0,0,0,0,Read failed. See previous exception for details.
TOR66,"Window(col_off=2048, row_off=1536, width=256, height=256)",READ_ERROR,0,0,0,0,Read failed. See previous exception for details.
TOR66,"Window(col_off=2304, row_off=1536, width=256, height=256)",READ_ERROR,0,0,0,0,Read failed. See previous exception for details.
TOR66,"Window(col_off=2560, row_off=1536, width=256, height=256)",READ_ERROR,0,0,0,0,Read failed. See previous exception for details.
TOR66,"Window(col_off=2816, row_off=1536, width=256, height=256)",READ_ERROR,0,0,0,0,Read failed. See previous exception for details.
TOR66,"Window(col_off=3072, row_off=1536, width=256, height=256)",READ_ERROR,0,0,0,0,Read failed. See previous exception for details.
TOR66,"Window(col_off=3328, row_off=1536, width=256, height=256)",READ_ERROR,0,0,0,0,Read failed. See previous exception for details.
TOR66,"Window(col_off=3584, row_off=1536, width=256, height=256)",READ_ERROR,0,0,0,0,Read failed. See previous exception for details.
TOR66,"Window(col_off=3840, row_off=1536, width=256, height=256)",READ_ERROR,0,0,0,0,Read failed. See previous exception for details.
TOR66,"Window(col_off=4096, row_off=1536, width=213, height=256)",READ_ERROR,0,0,0,0,Read failed. See previous exception for details.
TOR66,"Window(col_off=0, row_off=1792, width=256, height=256)",READ_ERROR,0,0,0,0,Read failed. See previous exception for details.
TOR66,"Window(col_off=256, row_off=1792, width=256, height=256)",READ_ERROR,0,0,0,0,Read failed. See previous exception for details.
TOR66,"Window(col_off=512, row_off=1792, width=256, height=256)",READ_ERROR,0,0,0,0,Read failed. See previous exception for details.
TOR66,"Window(col_off=768, row_off=1792, width=256, height=256)",READ_ERROR,0,0,0,0,Read failed. See previous exception for details.
TOR66,"Window(col_off=1024, row_off=1792, width=256, height=256)",READ_ERROR,0,0,0,0,Read failed. See previous exception for details.
TOR66,"Window(col_off=1280, row_off=1792, width=256, height=256)",READ_ERROR,0,0,0,0,Read failed. See previous exception for details.
TOR66,"Window(col_off=1536, row_off=1792, width=256, height=256)",READ_ERROR,0,0,0,0,Read failed. See previous exception for details.
TOR66,"Window(col_off=1792, row_off=1792, width=256, height=256)",READ_ERROR,0,0,0,0,Read failed. See previous exception for details.
TOR66,"Window(col_off=2048, row_off=1792, width=256, height=256)",READ_ERROR,0,0,0,0,Read failed. See previous exception for details.
TOR66,"Window(col_off=2304, row_off=1792, width=256, height=256)",READ_ERROR,0,0,0,0,Read failed. See previous exception for details.
TOR66,"Window(col_off=2560, row_off=1792, width=256, height=256)",READ_ERROR,0,0,0,0,Read failed. See previous exception for details.
TOR66,"Window(col_off=2816, row_off=1792, width=256, height=256)",READ_ERROR,0,0,0,0,Read failed. See previous exception for details.
TOR66,"Window(col_off=3072, row_off=1792, width=256, height=256)",READ_ERROR,0,0,0,0,Read failed. See previous exception for details.
TOR66,"Window(col_off=3328, row_off=1792, width=256, height=256)",READ_ERROR,0,0,0,0,Read failed. See previous exception for details.
TOR66,"Window(col_off=3584, row_off=1792, width=256, height=256)",READ_ERROR,0,0,0,0,Read failed. See previous exception for details.
TOR66,"Window(col_off=3840, row_off=1792, width=256, height=256)",READ_ERROR,0,0,0,0,Read failed. See previous exception for details.
TOR66,"Window(col_off=4096, row_off=1792, width=213, height=256)",READ_ERROR,0,0,0,0,Read failed. See previous exception for details.
TOR66,"Window(col_off=0, row_off=2048, width=256, height=76)",READ_ERROR,0,0,0,0,Read failed. See previous exception for details.
TOR66,"Window(col_off=256, row_off=2048, width=256, height=76)",READ_ERROR,0,0,0,0,Read failed. See previous exception for details.
TOR66,"Window(col_off=512, row_off=2048, width=256, height=76)",READ_ERROR,0,0,0,0,Read failed. See previous exception for details.
TOR66,"Window(col_off=768, row_off=2048, width=256, height=76)",READ_ERROR,0,0,0,0,Read failed. See previous exception for details.
TOR66,"Window(col_off=1024, row_off=2048, width=256, height=76)",READ_ERROR,0,0,0,0,Read failed. See previous exception for details.
TOR66,"Window(col_off=1280, row_off=2048, width=256, height=76)",READ_ERROR,0,0,0,0,Read failed. See previous exception for details.
TOR66,"Window(col_off=1536, row_off=2048, width=256, height=76)",READ_ERROR,0,0,0,0,Read failed. See previous exception for details.
TOR66,"Window(col_off=1792, row_off=2048, width=256, height=76)",READ_ERROR,0,0,0,0,Read failed. See previous exception for details.
TOR66,"Window(col_off=2048, row_off=2048, width=256, height=76)",READ_ERROR,0,0,0,0,Read failed. See previous exception for details.
TOR66,"Window(col_off=2304, row_off=2048, width=256, height=76)",READ_ERROR,0,0,0,0,Read failed. See previous exception for details.
TOR66,"Window(col_off=2560, row_off=2048, width=256, height=76)",READ_ERROR,0,0,0,0,Read failed. See previous exception for details.
TOR66,"Window(col_off=2816, row_off=2048, width=256, height=76)",READ_ERROR,0,0,0,0,Read failed. See previous exception for details.
TOR66,"Window(col_off=3072, row_off=2048, width=256, height=76)",READ_ERROR,0,0,0,0,Read failed. See previous exception for details.
TOR66,"Window(col_off=3328, row_off=2048, width=256, height=76)",READ_ERROR,0,0,0,0,Read failed. See previous exception for details.
TOR66,"Window(col_off=3584, row_off=2048, width=256, height=76)",READ_ERROR,0,0,0,0,Read failed. See previous exception for details.
TOR66,"Window(col_off=3840, row_off=2048, width=256, height=76)",READ_ERROR,0,0,0,0,Read failed. See previous exception for details.
TOR66,"Window(col_off=4096, row_off=2048, width=213, height=76)",READ_ERROR,0,0,0,0,Read failed. See previous exception for details.
TOR68,"Window(col_off=0, row_off=0, width=256, height=256)",OK,0,57856,0,1200,
TOR68,"Window(col_off=256, row_off=0, width=256, height=256)",OK,0,64799,0,1200,
TOR68,"Window(col_off=512, row_off=0, width=256, height=256)",OK,0,64274,0,1200,
TOR68,"Window(col_off=768, row_off=0, width=256, height=256)",READ_ERROR,0,0,0,0,Read failed. See previous exception for details.
TOR68,"Window(col_off=1024, row_off=0, width=256, height=256)",READ_ERROR,0,0,0,0,Read failed. See previous exception for details.
TOR68,"Window(col_off=1280, row_off=0, width=256, height=256)",READ_ERROR,0,0,0,0,Read failed. See previous exception for details.
TOR68,"Window(col_off=1536, row_off=0, width=256, height=256)",READ_ERROR,0,0,0,0,Read failed. See previous exception for details.
TOR68,"Window(col_off=1792, row_off=0, width=256, height=256)",READ_ERROR,0,0,0,0,Read failed. See previous exception for details.
TOR68,"Window(col_off=2048, row_off=0, width=256, height=256)",READ_ERROR,0,0,0,0,Read failed. See previous exception for details.
TOR68,"Window(col_off=2304, row_off=0, width=256, height=256)",READ_ERROR,0,0,0,0,Read failed. See previous exception for details.
TOR68,"Window(col_off=2560, row_off=0, width=256, height=256)",READ_ERROR,0,0,0,0,Read failed. See previous exception for details.
TOR68,"Window(col_off=2816, row_off=0, width=256, height=256)",READ_ERROR,0,0,0,0,Read failed. See previous exception for details.
TOR68,"Window(col_off=3072, row_off=0, width=256, height=256)",READ_ERROR,0,0,0,0,Read failed. See previous exception for details.
TOR68,"Window(col_off=3328, row_off=0, width=65, height=256)",READ_ERROR,0,0,0,0,Read failed. See previous exception for details.
TOR68,"Window(col_off=0, row_off=256, width=256, height=256)",READ_ERROR,0,0,0,0,Read failed. See previous exception for details.
TOR68,"Window(col_off=256, row_off=256, width=256, height=256)",READ_ERROR,0,0,0,0,Read failed. See previous exception for details.
TOR68,"Window(col_off=512, row_off=256, width=256, height=256)",READ_ERROR,0,0,0,0,Read failed. See previous exception for details.
TOR68,"Window(col_off=768, row_off=256, width=256, height=256)",READ_ERROR,0,0,0,0,Read failed. See previous exception for details.
TOR68,"Window(col_off=1024, row_off=256, width=256, height=256)",READ_ERROR,0,0,0,0,Read failed. See previous exception for details.
TOR68,"Window(col_off=1280, row_off=256, width=256, height=256)",READ_ERROR,0,0,0,0,Read failed. See previous exception for details.
TOR68,"Window(col_off=1536, row_off=256, width=256, height=256)",READ_ERROR,0,0,0,0,Read failed. See previous exception for details.
TOR68,"Window(col_off=1792, row_off=256, width=256, height=256)",READ_ERROR,0,0,0,0,Read failed. See previous exception for details.
TOR68,"Window(col_off=2048, row_off=256, width=256, height=256)",READ_ERROR,0,0,0,0,Read failed. See previous exception for details.
TOR68,"Window(col_off=2304, row_off=256, width=256, height=256)",READ_ERROR,0,0,0,0,Read failed. See previous exception for details.
TOR68,"Window(col_off=2560, row_off=256, width=256, height=256)",READ_ERROR,0,0,0,0,Read failed. See previous exception for details.
TOR68,"Window(col_off=2816, row_off=256, width=256, height=256)",READ_ERROR,0,0,0,0,Read failed. See previous exception for details.
TOR68,"Window(col_off=3072, row_off=256, width=256, height=256)",READ_ERROR,0,0,0,0,Read failed. See previous exception for details.
TOR68,"Window(col_off=3328, row_off=256, width=65, height=256)",READ_ERROR,0,0,0,0,Read failed. See previous exception for details.
TOR68,"Window(col_off=0, row_off=512, width=256, height=256)",READ_ERROR,0,0,0,0,Read failed. See previous exception for details.
TOR68,"Window(col_off=256, row_off=512, width=256, height=256)",READ_ERROR,0,0,0,0,Read failed. See previous exception for details.
TOR68,"Window(col_off=512, row_off=512, width=256, height=256)",READ_ERROR,0,0,0,0,Read failed. See previous exception for details.
TOR68,"Window(col_off=768, row_off=512, width=256, height=256)",READ_ERROR,0,0,0,0,Read failed. See previous exception for details.
TOR68,"Window(col_off=1024, row_off=512, width=256, height=256)",READ_ERROR,0,0,0,0,Read failed. See previous exception for details.
TOR68,"Window(col_off=1280, row_off=512, width=256, height=256)",READ_ERROR,0,0,0,0,Read failed. See previous exception for details.
TOR68,"Window(col_off=1536, row_off=512, width=256, height=256)",READ_ERROR,0,0,0,0,Read failed. See previous exception for details.
TOR68,"Window(col_off=1792, row_off=512, width=256, height=256)",READ_ERROR,0,0,0,0,Read failed. See previous exception for details.
TOR68,"Window(col_off=2048, row_off=512, width=256, height=256)",READ_ERROR,0,0,0,0,Read failed. See previous exception for details.
TOR68,"Window(col_off=2304, row_off=512, width=256, height=256)",READ_ERROR,0,0,0,0,Read failed. See previous exception for details.
TOR68,"Window(col_off=2560, row_off=512, width=256, height=256)",READ_ERROR,0,0,0,0,Read failed. See previous exception for details.
TOR68,"Window(col_off=2816, row_off=512, width=256, height=256)",READ_ERROR,0,0,0,0,Read failed. See previous exception for details.
TOR68,"Window(col_off=3072, row_off=512, width=256, height=256)",READ_ERROR,0,0,0,0,Read failed. See previous exception for details.
TOR68,"Window(col_off=3328, row_off=512, width=65, height=256)",READ_ERROR,0,0,0,0,Read failed. See previous exception for details.
TOR68,"Window(col_off=0, row_off=768, width=256, height=256)",READ_ERROR,0,0,0,0,Read failed. See previous exception for details.
TOR68,"Window(col_off=256, row_off=768, width=256, height=256)",READ_ERROR,0,0,0,0,Read failed. See previous exception for details.
TOR68,"Window(col_off=512, row_off=768, width=256, height=256)",READ_ERROR,0,0,0,0,Read failed. See previous exception for details.
TOR68,"Window(col_off=768, row_off=768, width=256, height=256)",READ_ERROR,0,0,0,0,Read failed. See previous exception for details.
TOR68,"Window(col_off=1024, row_off=768, width=256, height=256)",READ_ERROR,0,0,0,0,Read failed. See previous exception for details.
TOR68,"Window(col_off=1280, row_off=768, width=256, height=256)",READ_ERROR,0,0,0,0,Read failed. See previous exception for details.
TOR68,"Window(col_off=1536, row_off=768, width=256, height=256)",READ_ERROR,0,0,0,0,Read failed. See previous exception for details.
TOR68,"Window(col_off=1792, row_off=768, width=256, height=256)",READ_ERROR,0,0,0,0,Read failed. See previous exception for details.
TOR68,"Window(col_off=2048, row_off=768, width=256, height=256)",READ_ERROR,0,0,0,0,Read failed. See previous exception for details.
TOR68,"Window(col_off=2304, row_off=768, width=256, height=256)",READ_ERROR,0,0,0,0,Read failed. See previous exception for details.
TOR68,"Window(col_off=2560, row_off=768, width=256, height=256)",READ_ERROR,0,0,0,0,Read failed. See previous exception for details.
TOR68,"Window(col_off=2816, row_off=768, width=256, height=256)",READ_ERROR,0,0,0,0,Read failed. See previous exception for details.
TOR68,"Window(col_off=3072, row_off=768, width=256, height=256)",READ_ERROR,0,0,0,0,Read failed. See previous exception for details.
TOR68,"Window(col_off=3328, row_off=768, width=65, height=256)",READ_ERROR,0,0,0,0,Read failed. See previous exception for details.
TOR68,"Window(col_off=0, row_off=1024, width=256, height=256)",READ_ERROR,0,0,0,0,Read failed. See previous exception for details.
TOR68,"Window(col_off=256, row_off=1024, width=256, height=256)",READ_ERROR,0,0,0,0,Read failed. See previous exception for details.
TOR68,"Window(col_off=512, row_off=1024, width=256, height=256)",READ_ERROR,0,0,0,0,Read failed. See previous exception for details.
TOR68,"Window(col_off=768, row_off=1024, width=256, height=256)",READ_ERROR,0,0,0,0,Read failed. See previous exception for details.
TOR68,"Window(col_off=1024, row_off=1024, width=256, height=256)",READ_ERROR,0,0,0,0,Read failed. See previous exception for details.
TOR68,"Window(col_off=1280, row_off=1024, width=256, height=256)",READ_ERROR,0,0,0,0,Read failed. See previous exception for details.
TOR68,"Window(col_off=1536, row_off=1024, width=256, height=256)",READ_ERROR,0,0,0,0,Read failed. See previous exception for details.
TOR68,"Window(col_off=1792, row_off=1024, width=256, height=256)",READ_ERROR,0,0,0,0,Read failed. See previous exception for details.
TOR68,"Window(col_off=2048, row_off=1024, width=256, height=256)",READ_ERROR,0,0,0,0,Read failed. See previous exception for details.
TOR68,"Window(col_off=2304, row_off=1024, width=256, height=256)",READ_ERROR,0,0,0,0,Read failed. See previous exception for details.
TOR68,"Window(col_off=2560, row_off=1024, width=256, height=256)",READ_ERROR,0,0,0,0,Read failed. See previous exception for details.
TOR68,"Window(col_off=2816, row_off=1024, width=256, height=256)",READ_ERROR,0,0,0,0,Read failed. See previous exception for details.
TOR68,"Window(col_off=3072, row_off=1024, width=256, height=256)",READ_ERROR,0,0,0,0,Read failed. See previous exception for details.
TOR68,"Window(col_off=3328, row_off=1024, width=65, height=256)",READ_ERROR,0,0,0,0,Read failed. See previous exception for details.
TOR68,"Window(col_off=0, row_off=1280, width=256, height=256)",READ_ERROR,0,0,0,0,Read failed. See previous exception for details.
TOR68,"Window(col_off=256, row_off=1280, width=256, height=256)",READ_ERROR,0,0,0,0,Read failed. See previous exception for details.
TOR68,"Window(col_off=512, row_off=1280, width=256, height=256)",READ_ERROR,0,0,0,0,Read failed. See previous exception for details.
TOR68,"Window(col_off=768, row_off=1280, width=256, height=256)",READ_ERROR,0,0,0,0,Read failed. See previous exception for details.
TOR68,"Window(col_off=1024, row_off=1280, width=256, height=256)",READ_ERROR,0,0,0,0,Read failed. See previous exception for details.
TOR68,"Window(col_off=1280, row_off=1280, width=256, height=256)",READ_ERROR,0,0,0,0,Read failed. See previous exception for details.
TOR68,"Window(col_off=1536, row_off=1280, width=256, height=256)",READ_ERROR,0,0,0,0,Read failed. See previous exception for details.
TOR68,"Window(col_off=1792, row_off=1280, width=256, height=256)",READ_ERROR,0,0,0,0,Read failed. See previous exception for details.
TOR68,"Window(col_off=2048, row_off=1280, width=256, height=256)",READ_ERROR,0,0,0,0,Read failed. See previous exception for details.
TOR68,"Window(col_off=2304, row_off=1280, width=256, height=256)",READ_ERROR,0,0,0,0,Read failed. See previous exception for details.
TOR68,"Window(col_off=2560, row_off=1280, width=256, height=256)",READ_ERROR,0,0,0,0,Read failed. See previous exception for details.
TOR68,"Window(col_off=2816, row_off=1280, width=256, height=256)",READ_ERROR,0,0,0,0,Read failed. See previous exception for details.
TOR68,"Window(col_off=3072, row_off=1280, width=256, height=256)",READ_ERROR,0,0,0,0,Read failed. See previous exception for details.
TOR68,"Window(col_off=3328, row_off=1280, width=65, height=256)",READ_ERROR,0,0,0,0,Read failed. See previous exception for details.
TOR68,"Window(col_off=0, row_off=1536, width=256, height=256)",READ_ERROR,0,0,0,0,Read failed. See previous exception for details.
TOR68,"Window(col_off=256, row_off=1536, width=256, height=256)",READ_ERROR,0,0,0,0,Read failed. See previous exception for details.
TOR68,"Window(col_off=512, row_off=1536, width=256, height=256)",READ_ERROR,0,0,0,0,Read failed. See previous exception for details.
TOR68,"Window(col_off=768, row_off=1536, width=256, height=256)",READ_ERROR,0,0,0,0,Read failed. See previous exception for details.
TOR68,"Window(col_off=1024, row_off=1536, width=256, height=256)",READ_ERROR,0,0,0,0,Read failed. See previous exception for details.
TOR68,"Window(col_off=1280, row_off=1536, width=256, height=256)",READ_ERROR,0,0,0,0,Read failed. See previous exception for details.
TOR68,"Window(col_off=1536, row_off=1536, width=256, height=256)",READ_ERROR,0,0,0,0,Read failed. See previous exception for details.
TOR68,"Window(col_off=1792, row_off=1536, width=256, height=256)",READ_ERROR,0,0,0,0,Read failed. See previous exception for details.
TOR68,"Window(col_off=2048, row_off=1536, width=256, height=256)",READ_ERROR,0,0,0,0,Read failed. See previous exception for details.
TOR68,"Window(col_off=2304, row_off=1536, width=256, height=256)",READ_ERROR,0,0,0,0,Read failed. See previous exception for details.
TOR68,"Window(col_off=2560, row_off=1536, width=256, height=256)",READ_ERROR,0,0,0,0,Read failed. See previous exception for details.
TOR68,"Window(col_off=2816, row_off=1536, width=256, height=256)",READ_ERROR,0,0,0,0,Read failed. See previous exception for details.
TOR68,"Window(col_off=3072, row_off=1536, width=256, height=256)",READ_ERROR,0,0,0,0,Read failed. See previous exception for details.
TOR68,"Window(col_off=3328, row_off=1536, width=65, height=256)",READ_ERROR,0,0,0,0,Read failed. See previous exception for details.
TOR68,"Window(col_off=0, row_off=1792, width=256, height=256)",READ_ERROR,0,0,0,0,Read failed. See previous exception for details.
TOR68,"Window(col_off=256, row_off=1792, width=256, height=256)",READ_ERROR,0,0,0,0,Read failed. See previous exception for details.
TOR68,"Window(col_off=512, row_off=1792, width=256, height=256)",READ_ERROR,0,0,0,0,Read failed. See previous exception for details.
TOR68,"Window(col_off=768, row_off=1792, width=256, height=256)",READ_ERROR,0,0,0,0,Read failed. See previous exception for details.
TOR68,"Window(col_off=1024, row_off=1792, width=256, height=256)",READ_ERROR,0,0,0,0,Read failed. See previous exception for details.
TOR68,"Window(col_off=1280, row_off=1792, width=256, height=256)",READ_ERROR,0,0,0,0,Read failed. See previous exception for details.
TOR68,"Window(col_off=1536, row_off=1792, width=256, height=256)",READ_ERROR,0,0,0,0,Read failed. See previous exception for details.
TOR68,"Window(col_off=1792, row_off=1792, width=256, height=256)",READ_ERROR,0,0,0,0,Read failed. See previous exception for details.
TOR68,"Window(col_off=2048, row_off=1792, width=256, height=256)",READ_ERROR,0,0,0,0,Read failed. See previous exception for details.
TOR68,"Window(col_off=2304, row_off=1792, width=256, height=256)",READ_ERROR,0,0,0,0,Read failed. See previous exception for details.
TOR68,"Window(col_off=2560, row_off=1792, width=256, height=256)",READ_ERROR,0,0,0,0,Read failed. See previous exception for details.
TOR68,"Window(col_off=2816, row_off=1792, width=256, height=256)",READ_ERROR,0,0,0,0,Read failed. See previous exception for details.
TOR68,"Window(col_off=3072, row_off=1792, width=256, height=256)",READ_ERROR,0,0,0,0,Read failed. See previous exception for details.
TOR68,"Window(col_off=3328, row_off=1792, width=65, height=256)",READ_ERROR,0,0,0,0,Read failed. See previous exception for details.
TOR68,"Window(col_off=0, row_off=2048, width=256, height=256)",READ_ERROR,0,0,0,0,Read failed. See previous exception for details.
TOR68,"Window(col_off=256, row_off=2048, width=256, height=256)",READ_ERROR,0,0,0,0,Read failed. See previous exception for details.
TOR68,"Window(col_off=512, row_off=2048, width=256, height=256)",READ_ERROR,0,0,0,0,Read failed. See previous exception for details.
TOR68,"Window(col_off=768, row_off=2048, width=256, height=256)",READ_ERROR,0,0,0,0,Read failed. See previous exception for details.
TOR68,"Window(col_off=1024, row_off=2048, width=256, height=256)",READ_ERROR,0,0,0,0,Read failed. See previous exception for details.
TOR68,"Window(col_off=1280, row_off=2048, width=256, height=256)",READ_ERROR,0,0,0,0,Read failed. See previous exception for details.
TOR68,"Window(col_off=1536, row_off=2048, width=256, height=256)",READ_ERROR,0,0,0,0,Read failed. See previous exception for details.
TOR68,"Window(col_off=1792, row_off=2048, width=256, height=256)",READ_ERROR,0,0,0,0,Read failed. See previous exception for details.
TOR68,"Window(col_off=2048, row_off=2048, width=256, height=256)",READ_ERROR,0,0,0,0,Read failed. See previous exception for details.
TOR68,"Window(col_off=2304, row_off=2048, width=256, height=256)",READ_ERROR,0,0,0,0,Read failed. See previous exception for details.
TOR68,"Window(col_off=2560, row_off=2048, width=256, height=256)",READ_ERROR,0,0,0,0,Read failed. See previous exception for details.
TOR68,"Window(col_off=2816, row_off=2048, width=256, height=256)",READ_ERROR,0,0,0,0,Read failed. See previous exception for details.
TOR68,"Window(col_off=3072, row_off=2048, width=256, height=256)",READ_ERROR,0,0,0,0,Read failed. See previous exception for details.
TOR68,"Window(col_off=3328, row_off=2048, width=65, height=256)",READ_ERROR,0,0,0,0,Read failed. See previous exception for details.
TOR68,"Window(col_off=0, row_off=2304, width=256, height=20)",READ_ERROR,0,0,0,0,Read failed. See previous exception for details.
TOR68,"Window(col_off=256, row_off=2304, width=256, height=20)",READ_ERROR,0,0,0,0,Read failed. See previous exception for details.
TOR68,"Window(col_off=512, row_off=2304, width=256, height=20)",READ_ERROR,0,0,0,0,Read failed. See previous exception for details.
TOR68,"Window(col_off=768, row_off=2304, width=256, height=20)",READ_ERROR,0,0,0,0,Read failed. See previous exception for details.
TOR68,"Window(col_off=1024, row_off=2304, width=256, height=20)",READ_ERROR,0,0,0,0,Read failed. See previous exception for details.
TOR68,"Window(col_off=1280, row_off=2304, width=256, height=20)",READ_ERROR,0,0,0,0,Read failed. See previous exception for details.
TOR68,"Window(col_off=1536, row_off=2304, width=256, height=20)",READ_ERROR,0,0,0,0,Read failed. See previous exception for details.
TOR68,"Window(col_off=1792, row_off=2304, width=256, height=20)",READ_ERROR,0,0,0,0,Read failed. See previous exception for details.
TOR68,"Window(col_off=2048, row_off=2304, width=256, height=20)",READ_ERROR,0,0,0,0,Read failed. See previous exception for details.
TOR68,"Window(col_off=2304, row_off=2304, width=256, height=20)",READ_ERROR,0,0,0,0,Read failed. See previous exception for details.
TOR68,"Window(col_off=2560, row_off=2304, width=256, height=20)",READ_ERROR,0,0,0,0,Read failed. See previous exception for details.
TOR68,"Window(col_off=2816, row_off=2304, width=256, height=20)",READ_ERROR,0,0,0,0,Read failed. See previous exception for details.
TOR68,"Window(col_off=3072, row_off=2304, width=256, height=20)",READ_ERROR,0,0,0,0,Read failed. See previous exception for details.
TOR68,"Window(col_off=3328, row_off=2304, width=65, height=20)",READ_ERROR,0,0,0,0,Read failed. See previous exception for details.
